Tip,Hesap_Adi,Tarih,Açıklama,Tutar
Banka Hesabı,QNB - DBS,01/08/2025,Transfer İşlemleri - Alıcı : Çiğdem Koç TÜRKİYE GARANTİ BANKASI A.Ş. Sorgu No: 0969767 TALIMAT,-16900.00
Banka Hesabı,QNB - DBS,01/08/2025,Transfer İşlemleri - Gönderen:Gümüşbulut Danışmanlık Turizm Gıda Sanay-Hesaptan hesaba havale,394323.43
Banka Hesabı,QNB - DBS,01/08/2025,Transfer İşlemleri - Alıcı:Serdar Günizi-Hesaptan hesaba havale Al.Hs:19082356 Mobil Bankacılık-KOBİ,-132000.00
Banka Hesabı,QNB - DBS,01/08/2025,Transfer İşlemleri - Alıcı : Çiğdem Koç Türkiye Garanti Bankası A.Ş. Sorgu No: 987530941 MOBIL,-1337.20
Banka Hesabı,QNB - DBS,02/08/2025,"Mevduat İşlemleri - FS995 NOLU ATM DEN VADESIZ HESABA  PARA YATIRMA, 198214",14600.00
Banka Hesabı,QNB - DBS,02/08/2025,"Mevduat İşlemleri - FS995 NOLU ATM DEN VADESIZ HESABA  PARA YATIRMA, 201121",9700.00
Banka Hesabı,QNB - DBS,04/08/2025,Ödeme İşlemleri - 500101167879 - İGDAŞ - İstanbul Gaz Dağıtım TAHSİLATI OTOMATIK ,-7310.00
Banka Hesabı,QNB - DBS,04/08/2025,Ödeme İşlemleri - DBS Fatura Tahsilatı - OTOMATİK. Bayi Referans: BAYİ 3CR 34AN23 Fatura No: 20250090134002.,-47335.23
Banka Hesabı,QNB - DBS,04/08/2025,Ödeme İşlemleri - DBS Fatura Tahsilatı - OTOMATİK. Bayi Referans: BAYİ 3CR 34AN23 Fatura No: 20250090134003.,-8456.23
Banka Hesabı,QNB - DBS,04/08/2025,Ödeme İşlemleri - DBS Fatura Tahsilatı - OTOMATİK. Bayi Referans: BAYİ 3CR 34AN23 Fatura No: 20250090134004.,-16118.47
Banka Hesabı,QNB - DBS,04/08/2025,Ödeme İşlemleri - DBS Fatura Tahsilatı - OTOMATİK. Bayi Referans: BAYİ 3CR 34AN23 Fatura No: 20250090134811.,-30503.03
Banka Hesabı,QNB - DBS,04/08/2025,Ödeme İşlemleri - DBS Fatura Tahsilatı - OTOMATİK. Bayi Referans: BAYİ 3CR 34AN23 Fatura No: 20250090134812.,-5848.41
Banka Hesabı,QNB - DBS,04/08/2025,Ödeme İşlemleri - DBS Fatura Tahsilatı - OTOMATİK. Bayi Referans: BAYİ 3CR 34AN23 Fatura No: 20250090134813.,-17330.28
Banka Hesabı,QNB - DBS,05/08/2025,Transfer İşlemleri - Gönderen:Gümüşbulut Danışmanlık Turizm Gıda Sanay-Hesaptan hesaba havale,195672.17
Banka Hesabı,QNB - DBS,05/08/2025,Transfer İşlemleri - Alıcı : FASDAT GIDA DAĞITIM SAN TİC AŞ Türkiye Cumhuriyeti Ziraat Bankası A.Ş. Sorgu No: 1002093824 ,-24500.39
Banka Hesabı,QNB - DBS,05/08/2025,Transfer İşlemleri - Alıcı : G2M  Dağıtım Pazarlama ve Tic AŞ Türkiye Garanti Bankası A.Ş. Sorgu No: 1002097151 MOBIL,-17802.47
Banka Hesabı,QNB - DBS,05/08/2025,Transfer İşlemleri - Alıcı : Kübra Şerbetçi Türkiye İş Bankası A.Ş. Sorgu No: 1002101295 MOBIL,-19421.69
Banka Hesabı,QNB - DBS,05/08/2025,Transfer İşlemleri - Alıcı : SEHER GIDA PAZ. SAN. VE TİC. AŞ. Türkiye Garanti Bankası A.Ş. Sorgu No: 1002107725 MOBIL,-4694.83
Banka Hesabı,QNB - DBS,05/08/2025,Mevduat İşlemleri - 2025-Temmuz  Maaş+Fazla Mesai Ödemesi,-293138.04
Banka Hesabı,QNB - DBS,05/08/2025,"Mevduat İşlemleri - FS995 NOLU ATM DEN VADESIZ HESABA  PARA YATIRMA, 192815",13700.00
Banka Hesabı,QNB - DBS,05/08/2025,Transfer İşlemleri - Alıcı : ALLİANZ YAŞAM VE EMEKLİLİK AŞ Yapı ve Kredi Bankası A.Ş. Sorgu No: 1002826437 MOBIL,-4191.00
Banka Hesabı,QNB - DBS,05/08/2025,Transfer İşlemleri - Alıcı : ALLİANZ YAŞAM VE EMEKLİLİK AŞ Yapı ve Kredi Bankası A.Ş. Sorgu No: 1002831740 MOBIL,-4255.00
Banka Hesabı,QNB - DBS,05/08/2025,Transfer İşlemleri - Alıcı : ALLİANZ YAŞAM VE EMEKLİLİK AŞ Yapı ve Kredi Bankası A.Ş. Sorgu No: 1002836872 MOBIL,-3889.00
Banka Hesabı,QNB - DBS,05/08/2025,Transfer İşlemleri - Alıcı : ALLİANZ YAŞAM VE EMEKLİLİK AŞ Yapı ve Kredi Bankası A.Ş. Sorgu No: 1002842745 MOBIL,-3672.00
Banka Hesabı,QNB - DBS,05/08/2025,Transfer İşlemleri - Alıcı : ALLİANZ YAŞAM VE EMEKLİLİK AŞ Yapı ve Kredi Bankası A.Ş. Sorgu No: 1002847598 MOBIL,-6505.00
Banka Hesabı,QNB - DBS,05/08/2025,Transfer İşlemleri - Alıcı : ALLİANZ YAŞAM VE EMEKLİLİK AŞ Yapı ve Kredi Bankası A.Ş. Sorgu No: 1002853845 MOBIL,-3884.00
Banka Hesabı,QNB - DBS,06/08/2025,"Mevduat İşlemleri - FS995 NOLU ATM DEN VADESIZ HESABA  PARA YATIRMA, 370794",6100.00
Banka Hesabı,QNB - DBS,07/08/2025,"Mevduat İşlemleri - FS995 NOLU ATM DEN VADESIZ HESABA  PARA YATIRMA, 460586",9400.00
Banka Hesabı,QNB - DBS,07/08/2025,Transfer İşlemleri - Gönderen:Gümüşbulut Danışmanlık Turizm Gıda Sanay-Hesaptan hesaba havale,71325.00
Banka Hesabı,QNB - DBS,07/08/2025,Ödeme İşlemleri - DBS Fatura Tahsilatı - OTOMATİK. Bayi Referans: BAYİ 3CR 34AN23 Fatura No: 20250090135700.,-2507.34
Banka Hesabı,QNB - DBS,07/08/2025,Ödeme İşlemleri - DBS Fatura Tahsilatı - OTOMATİK. Bayi Referans: BAYİ 3CR 34AN23 Fatura No: 20250090135701.,-9936.38
Banka Hesabı,QNB - DBS,07/08/2025,Ödeme İşlemleri - DBS Fatura Tahsilatı - OTOMATİK. Bayi Referans: BAYİ 3CR 34AN23 Fatura No: 20250090135702.,-12125.55
Banka Hesabı,QNB - DBS,08/08/2025,"Ödeme İşlemleri - MURAT CİNCİ, Eksik Ödeme Farkı",-1516.66
Banka Hesabı,QNB - DBS,08/08/2025,"Ödeme İşlemleri - EDA NUR CANDAN, Temmuz Ayı maaş, ve diğer ödemeleri",-12349.00
Banka Hesabı,QNB - DBS,08/08/2025,"Ödeme İşlemleri - TAVUK DÜNYASI GIDA SANAYİ VE TİCARET ANONİM ŞİRKETİ, 21000082 Gümüşbulut Danışmanlık Tur.Ve",-9060.00
Banka Hesabı,QNB - DBS,08/08/2025,Transfer İşlemleri - Gönderen:Gümüşbulut Danışmanlık Turizm Gıda Sanay-Hesaptan hesaba havale,33608.82
Banka Hesabı,QNB - DBS,08/08/2025,Transfer İşlemleri - Alıcı : Tuna Özdemir Türkiye Garanti Bankası A.Ş. Sorgu No: 1013274974 MOBIL,-5400.00
Banka Hesabı,QNB - DBS,08/08/2025,Ödeme İşlemleri - DBS Fatura Tahsilatı - OTOMATİK. Bayi Referans: BAYİ 3CR 34AN23 Fatura No: 20250090136599.,-53856.55
Banka Hesabı,QNB - DBS,08/08/2025,Ödeme İşlemleri - DBS Fatura Tahsilatı - OTOMATİK. Bayi Referans: BAYİ 3CR 34AN23 Fatura No: 20250090137515.,-43447.41
Banka Hesabı,QNB - DBS,08/08/2025,Ödeme İşlemleri - DBS Fatura Tahsilatı - OTOMATİK. Bayi Referans: BAYİ 3CR 34AN23 Fatura No: 20250090137517.,-31918.97
Banka Hesabı,QNB - DBS,08/08/2025,Ödeme İşlemleri - DBS Fatura Tahsilatı - OTOMATİK. Bayi Referans: BAYİ 3CR 34AN23 Fatura No: 20250090136601.,-18316.43
Banka Hesabı,QNB - DBS,08/08/2025,Ödeme İşlemleri - DBS Fatura Tahsilatı - OTOMATİK. Bayi Referans: BAYİ 3CR 34AN23 Fatura No: 20250090136600.,-5345.43
Banka Hesabı,QNB - DBS,08/08/2025,Ödeme İşlemleri - DBS Fatura Tahsilatı - OTOMATİK. Bayi Referans: BAYİ 3CR 34AN23 Fatura No: 20250090137516.,-2456.83
Banka Hesabı,QNB - DBS,09/08/2025,"Mevduat İşlemleri - FS995 NOLU ATM DEN VADESIZ HESABA  PARA YATIRMA, 117653",6400.00
Banka Hesabı,QNB - DBS,11/08/2025,Transfer İşlemleri - Gönderen:Gümüşbulut Danışmanlık Turizm Gıda Sanay-Hesaptan hesaba havale,138263.45
Banka Hesabı,QNB - DBS,11/08/2025,Transfer İşlemleri - Alıcı : pepsi cola servis ve dağıtım limited şirketi Türk Ekonomi Bankası A.Ş. Sorgu No: 1023612033 ,-62664.01
Banka Hesabı,QNB - DBS,11/08/2025,"Mevduat İşlemleri - FS995 NOLU ATM DEN VADESIZ HESABA  PARA YATIRMA, 122218",12200.00
Banka Hesabı,QNB - DBS,12/08/2025,Transfer İşlemleri - Gönderen:Gümüşbulut Danışmanlık Turizm Gıda Sanay-Hesaptan hesaba havale,39529.04
Banka Hesabı,QNB - DBS,13/08/2025,Transfer İşlemleri - Gönderen:Gümüşbulut Danışmanlık Turizm Gıda Sanay-Hesaptan hesaba havale,42170.00
Banka Hesabı,QNB - DBS,13/08/2025,"Mevduat İşlemleri - FS995 NOLU ATM DEN VADESIZ HESABA  PARA YATIRMA, 880788",13900.00
Banka Hesabı,QNB - DBS,14/08/2025,Kart İşlemleri - Kredi Kartları Otomatik Tahsilat,-137677.17
Banka Hesabı,QNB - DBS,14/08/2025,Transfer İşlemleri - Gönderen:Gümüşbulut Danışmanlık Turizm Gıda Sanay-Hesaptan hesaba havale,36375.00
Banka Hesabı,QNB - DBS,14/08/2025,"Mevduat İşlemleri - FS995 NOLU ATM DEN VADESIZ HESABA  PARA YATIRMA, 328871",10350.00
Banka Hesabı,QNB - DBS,14/08/2025,Ödeme İşlemleri - DBS Fatura Tahsilatı - OTOMATİK. Bayi Referans: BAYİ 3CR 34AN23 Fatura No: 20250090138270.,-27959.89
Banka Hesabı,QNB - DBS,14/08/2025,Ödeme İşlemleri - DBS Fatura Tahsilatı - OTOMATİK. Bayi Referans: BAYİ 3CR 34AN23 Fatura No: 20250090138271.,-4260.69
Banka Hesabı,QNB - DBS,14/08/2025,Ödeme İşlemleri - DBS Fatura Tahsilatı - OTOMATİK. Bayi Referans: BAYİ 3CR 34AN23 Fatura No: 20250090138272.,-3371.35
Banka Hesabı,QNB - DBS,16/08/2025,"Mevduat İşlemleri - FS995 NOLU ATM DEN VADESIZ HESABA  PARA YATIRMA, 710680",6800.00
Banka Hesabı,QNB - DBS,16/08/2025,Transfer İşlemleri - Gönderen:Gümüşbulut Danışmanlık Turizm Gıda Sanay-Hesaptan hesaba havale,135000.00
Banka Hesabı,QNB - DBS,18/08/2025,Ödeme İşlemleri - 7021348199 - Türk Telekom (İnternet) TAHSİLATI OTOMATIK ,-535.00
Banka Hesabı,QNB - DBS,18/08/2025,Transfer İşlemleri - Alıcı : pepsi cola servis ve dağıtım limited şirketi Türk Ekonomi Bankası A.Ş. Sorgu No: 1048855926 ,-14527.54
Banka Hesabı,QNB - DBS,18/08/2025,Ödeme İşlemleri - DBS Fatura Tahsilatı - OTOMATİK. Bayi Referans: BAYİ 3CR 34AN23 Fatura No: 20250090139147.,-14027.60
Banka Hesabı,QNB - DBS,18/08/2025,Ödeme İşlemleri - DBS Fatura Tahsilatı - OTOMATİK. Bayi Referans: BAYİ 3CR 34AN23 Fatura No: 20250090139956.,-40975.49
Banka Hesabı,QNB - DBS,18/08/2025,Ödeme İşlemleri - DBS Fatura Tahsilatı - OTOMATİK. Bayi Referans: BAYİ 3CR 34AN23 Fatura No: 20250090139145.,-25250.57
Banka Hesabı,QNB - DBS,18/08/2025,Ödeme İşlemleri - DBS Fatura Tahsilatı - OTOMATİK. Bayi Referans: BAYİ 3CR 34AN23 Fatura No: 20250090139957.,-9801.55
Banka Hesabı,QNB - DBS,18/08/2025,Ödeme İşlemleri - DBS Fatura Tahsilatı - OTOMATİK. Bayi Referans: BAYİ 3CR 34AN23 Fatura No: 20250090139958.,-23389.53
Banka Hesabı,QNB - DBS,18/08/2025,Ödeme İşlemleri - DBS Fatura Tahsilatı - OTOMATİK. Bayi Referans: BAYİ 3CR 34AN23 Fatura No: 20250090139146.,-15737.66
Banka Hesabı,QNB - DBS,18/08/2025,Ödeme İşlemleri - DBS Fatura Tahsilatı - OTOMATİK. Bayi Referans: BAYİ 3CR 34AN23 Fatura No: 20250090140891.,-18770.98
Banka Hesabı,QNB - DBS,18/08/2025,Ödeme İşlemleri - DBS Fatura Tahsilatı - OTOMATİK. Bayi Referans: BAYİ 3CR 34AN23 Fatura No: 20250090140894.,-12440.65
Banka Hesabı,QNB - DBS,18/08/2025,Ödeme İşlemleri - DBS Fatura Tahsilatı - OTOMATİK. Bayi Referans: BAYİ 3CR 34AN23 Fatura No: 20250090140892.,-9595.00
Banka Hesabı,QNB - DBS,19/08/2025,"Mevduat İşlemleri - FS995 NOLU ATM DEN VADESIZ HESABA  PARA YATIRMA, 243190",10100.00
Banka Hesabı,QNB - DBS,19/08/2025,"Mevduat İşlemleri - FS995 NOLU ATM DEN VADESIZ HESABA  PARA YATIRMA, 248028",9900.00
Banka Hesabı,QNB - DBS,19/08/2025,"Mevduat İşlemleri - FS995 NOLU ATM DEN VADESIZ HESABA  PARA YATIRMA, 252851",3300.00
Banka Hesabı,QNB - DBS,20/08/2025,Transfer İşlemleri - Gönderen:Gümüşbulut Danışmanlık Turizm Gıda Sanay-Hesaptan hesaba havale,50000.00
Banka Hesabı,QNB - DBS,20/08/2025,Mevduat İşlemleri - 2025-Ağustos  Avans Ödemesi,-34000.00
Banka Hesabı,QNB - DBS,20/08/2025,"Mevduat İşlemleri - FS995 NOLU ATM DEN VADESIZ HESABA  PARA YATIRMA, 430398",5600.00
Banka Hesabı,QNB - DBS,21/08/2025,"Mevduat İşlemleri - FS995 NOLU ATM DEN VADESIZ HESABA  PARA YATIRMA, 920379",13600.00
Banka Hesabı,QNB - DBS,22/08/2025,Ödeme İşlemleri - 2165740065 - Türk Telekom Ses/Data/ICT TAHSİLATI OTOMATIK ,-239.00
Banka Hesabı,QNB - DBS,22/08/2025,Ödeme İşlemleri - 2165740064 - Türk Telekom Ses/Data/ICT TAHSİLATI OTOMATIK ,-239.00
Banka Hesabı,QNB - DBS,22/08/2025,"Mevduat İşlemleri - FS995 NOLU ATM DEN VADESIZ HESABA  PARA YATIRMA, 710886",9400.00
Banka Hesabı,QNB - DBS,22/08/2025,"Mevduat İşlemleri - FS995 NOLU ATM DEN VADESIZ HESABA  PARA YATIRMA, 714750",3000.00
Banka Hesabı,QNB - DBS,25/08/2025,Transfer İşlemleri - Gönderen:Gümüşbulut Danışmanlık Turizm Gıda Sanay-Hesaptan hesaba havale,150000.00
Banka Hesabı,QNB - DBS,25/08/2025,"Mevduat İşlemleri - FS995 NOLU ATM DEN VADESIZ HESABA  PARA YATIRMA, 237142",5500.00
Banka Hesabı,QNB - DBS,25/08/2025,"Mevduat İşlemleri - FS995 NOLU ATM DEN VADESIZ HESABA  PARA YATIRMA, 241253",5250.00
Banka Hesabı,QNB - DBS,25/08/2025,"Mevduat İşlemleri - FS995 NOLU ATM DEN VADESIZ HESABA  PARA YATIRMA, 245554",9100.00
Banka Hesabı,QNB - DBS,25/08/2025,Ödeme İşlemleri - DBS Fatura Tahsilatı - OTOMATİK. Bayi Referans: BAYİ 3CR 34AN23 Fatura No: 20250090141920.,-36328.60
Banka Hesabı,QNB - DBS,25/08/2025,Ödeme İşlemleri - DBS Fatura Tahsilatı - OTOMATİK. Bayi Referans: BAYİ 3CR 34AN23 Fatura No: 20250090141921.,-4302.10
Banka Hesabı,QNB - DBS,25/08/2025,Ödeme İşlemleri - DBS Fatura Tahsilatı - OTOMATİK. Bayi Referans: BAYİ 3CR 34AN23 Fatura No: 20250090141922.,-9690.38
Banka Hesabı,QNB - DBS,25/08/2025,Ödeme İşlemleri - DBS Fatura Tahsilatı - OTOMATİK. Bayi Referans: BAYİ 3CR 34AN23 Fatura No: 20250090143334.,-23957.52
Banka Hesabı,QNB - DBS,25/08/2025,Ödeme İşlemleri - DBS Fatura Tahsilatı - OTOMATİK. Bayi Referans: BAYİ 3CR 34AN23 Fatura No: 20250090143335.,-13926.39
Banka Hesabı,QNB - DBS,25/08/2025,Ödeme İşlemleri - DBS Fatura Tahsilatı - OTOMATİK. Bayi Referans: BAYİ 3CR 34AN23 Fatura No: 20250090143336.,-12805.62
Banka Hesabı,QNB - DBS,27/08/2025,"Mevduat İşlemleri - FS995 NOLU ATM DEN VADESIZ HESABA  PARA YATIRMA, 095538",3300.00
Banka Hesabı,QNB - DBS,28/08/2025,"Mevduat İşlemleri - FS995 NOLU ATM DEN VADESIZ HESABA  PARA YATIRMA, 949158",7700.00
Banka Hesabı,QNB - DBS,28/08/2025,Ödeme İşlemleri - DBS Fatura Tahsilatı - OTOMATİK. Bayi Referans: BAYİ 3CR 34AN23 Fatura No: 20250090144219.,-23772.82
Banka Hesabı,QNB - DBS,28/08/2025,Ödeme İşlemleri - DBS Fatura Tahsilatı - OTOMATİK. Bayi Referans: BAYİ 3CR 34AN23 Fatura No: 20250090144220.,-9060.21
Banka Hesabı,QNB - DBS,28/08/2025,Ödeme İşlemleri - DBS Fatura Tahsilatı - OTOMATİK. Bayi Referans: BAYİ 3CR 34AN23 Fatura No: 20250090144221.,-13333.49
Banka Hesabı,QNB - DBS,30/08/2025,"Mevduat İşlemleri - FS995 NOLU ATM DEN VADESIZ HESABA  PARA YATIRMA, 770871",4100.00
Banka Hesabı,QNB - DBS,30/08/2025,"Mevduat İşlemleri - FS995 NOLU ATM DEN VADESIZ HESABA  PARA YATIRMA, 778183",7000.00
Banka Hesabı,QNB - DBS,31/08/2025,Transfer İşlemleri - Gönderen:Gümüşbulut Danışmanlık Turizm Gıda Sanay-Hesaptan hesaba havale,500000.00
Banka Hesabı,QNB - DBS,01/09/2025,Ödeme İşlemleri - 4A Prim Borcu SGK Ödemesi,-141077.74
Banka Hesabı,QNB - Vadesiz Kobi Nakit,01/08/2025,Diğer - 1.1.1 69041264 numaralı Hesap Nakdi Kredi kullandırımına ait Komisyon Ücreti,-0.02
Banka Hesabı,QNB - Vadesiz Kobi Nakit,01/08/2025,Kart İşlemleri - İşyeri:092800000013185 (Satış) N222 FAST NOTONUS SATIŞ İşlemi,1645.00
Banka Hesabı,QNB - Vadesiz Kobi Nakit,01/08/2025,Kart İşlemleri - İşyeri:092800000013185 (Satış) O033 QNB Kredi Kartı İşlemi,1735.00
Banka Hesabı,QNB - Vadesiz Kobi Nakit,01/08/2025,Kart İşlemleri - İşyeri:092800000013185 (Satış) N003 Yurt İçi Kredi Kartı İşlemi,18015.00
Banka Hesabı,QNB - Vadesiz Kobi Nakit,01/08/2025,Kart İşlemleri - İşyeri:092800000013185 (Satış) N001 Yurt İçi Banka Kartı İşlemi,15147.00
Banka Hesabı,QNB - Vadesiz Kobi Nakit,01/08/2025,Transfer İşlemleri - Alıcı:Gümüşbulut Danışmanlık Turizm Gıda Sanay-Hesaptan hesaba havale Al.Hs:91739448 Mobil Bankacılı,-394323.43
Banka Hesabı,QNB - Vadesiz Kobi Nakit,01/08/2025,Transfer İşlemleri - Gönderen: METROPAL KURUMSAL HİZMETLER ANONİM ŞİRKETİ Sorgu No: 0030512 - GBD'2025000000098 NOLU FATU,48442.17
Banka Hesabı,QNB - Vadesiz Kobi Nakit,02/08/2025,Kart İşlemleri - İşyeri:092800000013185 (Satış) N222 FAST NOTONUS SATIŞ İşlemi,2135.00
Banka Hesabı,QNB - Vadesiz Kobi Nakit,02/08/2025,Kart İşlemleri - İşyeri:092800000013185 (Satış) O033 QNB Kredi Kartı İşlemi,2255.00
Banka Hesabı,QNB - Vadesiz Kobi Nakit,02/08/2025,Kart İşlemleri - İşyeri:092800000013185 (Satış) N003 Yurt İçi Kredi Kartı İşlemi,17005.00
Banka Hesabı,QNB - Vadesiz Kobi Nakit,02/08/2025,Kart İşlemleri - İşyeri:092800000013185 (Satış) N001 Yurt İçi Banka Kartı İşlemi,13095.00
Banka Hesabı,QNB - Vadesiz Kobi Nakit,02/08/2025,Kart İşlemleri - İşyeri:092800000013185 (Satış) O138 QNB Banka Kartı İşlemi,1615.00
Banka Hesabı,QNB - Vadesiz Kobi Nakit,03/08/2025,Kart İşlemleri - İşyeri:092800000013185 (Satış) N222 FAST NOTONUS SATIŞ İşlemi,290.00
Banka Hesabı,QNB - Vadesiz Kobi Nakit,03/08/2025,Kart İşlemleri - İşyeri:092800000013185 (Satış) O033 QNB Kredi Kartı İşlemi,2155.00
Banka Hesabı,QNB - Vadesiz Kobi Nakit,03/08/2025,Kart İşlemleri - İşyeri:092800000013185 (Satış) N003 Yurt İçi Kredi Kartı İşlemi,23600.00
Banka Hesabı,QNB - Vadesiz Kobi Nakit,03/08/2025,Kart İşlemleri - İşyeri:092800000013185 (Satış) N001 Yurt İçi Banka Kartı İşlemi,13410.00
Banka Hesabı,QNB - Vadesiz Kobi Nakit,03/08/2025,Kart İşlemleri - İşyeri:092800000013185 (Satış) O138 QNB Banka Kartı İşlemi,395.00
Banka Hesabı,QNB - Vadesiz Kobi Nakit,04/08/2025,Kart İşlemleri - İşyeri:092800000013185 (Satış) N222 FAST NOTONUS SATIŞ İşlemi,1145.00
Banka Hesabı,QNB - Vadesiz Kobi Nakit,04/08/2025,Kart İşlemleri - İşyeri:092800000013185 (Satış) O033 QNB Kredi Kartı İşlemi,2345.00
Banka Hesabı,QNB - Vadesiz Kobi Nakit,04/08/2025,Kart İşlemleri - İşyeri:092800000013185 (Satış) N003 Yurt İçi Kredi Kartı İşlemi,18060.00
Banka Hesabı,QNB - Vadesiz Kobi Nakit,04/08/2025,Kart İşlemleri - İşyeri:092800000013185 (Satış) N001 Yurt İçi Banka Kartı İşlemi,18445.00
Banka Hesabı,QNB - Vadesiz Kobi Nakit,04/08/2025,Kart İşlemleri - İşyeri:092800000013185 (Satış) O138 QNB Banka Kartı İşlemi,1570.00
Banka Hesabı,QNB - Vadesiz Kobi Nakit,05/08/2025,Kart İşlemleri - İşyeri:092800000013185 (Satış) O033 QNB Kredi Kartı İşlemi,1215.00
Banka Hesabı,QNB - Vadesiz Kobi Nakit,05/08/2025,Kart İşlemleri - İşyeri:092800000013185 (Satış) N003 Yurt İçi Kredi Kartı İşlemi,18820.00
Banka Hesabı,QNB - Vadesiz Kobi Nakit,05/08/2025,Kart İşlemleri - İşyeri:092800000013185 (Satış) N001 Yurt İçi Banka Kartı İşlemi,7490.00
Banka Hesabı,QNB - Vadesiz Kobi Nakit,05/08/2025,Kart İşlemleri - İşyeri:092800000013185 (Satış) O138 QNB Banka Kartı İşlemi,2185.00
Banka Hesabı,QNB - Vadesiz Kobi Nakit,05/08/2025,Transfer İşlemleri - Alıcı:Gümüşbulut Danışmanlık Turizm Gıda Sanay-Hesaptan hesaba havale Al.Hs:91739448 Mobil Bankacılı,-195672.17
Banka Hesabı,QNB - Vadesiz Kobi Nakit,06/08/2025,Kart İşlemleri - İşyeri:092800000013185 (Satış) N222 FAST NOTONUS SATIŞ İşlemi,800.00
Banka Hesabı,QNB - Vadesiz Kobi Nakit,06/08/2025,Kart İşlemleri - İşyeri:092800000013185 (Satış) O033 QNB Kredi Kartı İşlemi,2630.00
Banka Hesabı,QNB - Vadesiz Kobi Nakit,06/08/2025,Kart İşlemleri - İşyeri:092800000013185 (Satış) N003 Yurt İçi Kredi Kartı İşlemi,23900.00
Banka Hesabı,QNB - Vadesiz Kobi Nakit,06/08/2025,Kart İşlemleri - İşyeri:092800000013185 (Satış) N001 Yurt İçi Banka Kartı İşlemi,9180.00
Banka Hesabı,QNB - Vadesiz Kobi Nakit,06/08/2025,Kart İşlemleri - İşyeri:092800000013185 (Satış) O138 QNB Banka Kartı İşlemi,1525.00
Banka Hesabı,QNB - Vadesiz Kobi Nakit,07/08/2025,Kart İşlemleri - İşyeri:092800000013185 (Satış) O033 QNB Kredi Kartı İşlemi,2980.00
Banka Hesabı,QNB - Vadesiz Kobi Nakit,07/08/2025,Kart İşlemleri - İşyeri:092800000013185 (Satış) N003 Yurt İçi Kredi Kartı İşlemi,15140.00
Banka Hesabı,QNB - Vadesiz Kobi Nakit,07/08/2025,Kart İşlemleri - İşyeri:092800000013185 (Satış) N001 Yurt İçi Banka Kartı İşlemi,14450.00
Banka Hesabı,QNB - Vadesiz Kobi Nakit,07/08/2025,Kart İşlemleri - İşyeri:092800000013185 (Satış) O138 QNB Banka Kartı İşlemi,720.00
Banka Hesabı,QNB - Vadesiz Kobi Nakit,07/08/2025,Transfer İşlemleri - Alıcı:Gümüşbulut Danışmanlık Turizm Gıda Sanay-Hesaptan hesaba havale Al.Hs:91739448 Mobil Bankacılı,-71325.00
Banka Hesabı,QNB - Vadesiz Kobi Nakit,08/08/2025,Kart İşlemleri - İşyeri:092800000013185 (Satış) N222 FAST NOTONUS SATIŞ İşlemi,360.00
Banka Hesabı,QNB - Vadesiz Kobi Nakit,08/08/2025,Kart İşlemleri - İşyeri:092800000013185 (Satış) O033 QNB Kredi Kartı İşlemi,2260.00
Banka Hesabı,QNB - Vadesiz Kobi Nakit,08/08/2025,Kart İşlemleri - İşyeri:092800000013185 (Satış) N003 Yurt İçi Kredi Kartı İşlemi,11400.00
Banka Hesabı,QNB - Vadesiz Kobi Nakit,08/08/2025,Kart İşlemleri - İşyeri:092800000013185 (Satış) N001 Yurt İçi Banka Kartı İşlemi,18975.00
Banka Hesabı,QNB - Vadesiz Kobi Nakit,08/08/2025,Kart İşlemleri - İşyeri:092800000013185 (Satış) O138 QNB Banka Kartı İşlemi,310.00
Banka Hesabı,QNB - Vadesiz Kobi Nakit,08/08/2025,Kart İşlemleri - İşyeri:092800000013185 (Satış) N004 Yurt Dışı Kredi Kartı İşlemi,310.00
Banka Hesabı,QNB - Vadesiz Kobi Nakit,08/08/2025,Kart İşlemleri - İşyeri:092800000013185 (Satış) N004 Yurt Dışı Kredi Kartı Üye İşyeri Ücreti - Peşin,-5.89
Banka Hesabı,QNB - Vadesiz Kobi Nakit,08/08/2025,Kart İşlemleri - İşyeri:092800000013185 (Satış) N004 Yurt Dışı Kredi Kartı İşlemi BSMV,-0.29
Banka Hesabı,QNB - Vadesiz Kobi Nakit,08/08/2025,Transfer İşlemleri - Alıcı:Gümüşbulut Danışmanlık Turizm Gıda Sanay-Hesaptan hesaba havale Al.Hs:91739448 Mobil Bankacılı,-33608.82
Banka Hesabı,QNB - Vadesiz Kobi Nakit,08/08/2025,Transfer İşlemleri - Gönderen: MULTINET KURUMSAL HİZMETLER A.Ş. Sorgu No: 8325707 - MULTINET  0000014225 Gümüşbulu AKBANK,39523.42
Banka Hesabı,QNB - Vadesiz Kobi Nakit,09/08/2025,Kart İşlemleri - İşyeri:092800000013185 (Satış) O033 QNB Kredi Kartı İşlemi,1391.00
Banka Hesabı,QNB - Vadesiz Kobi Nakit,09/08/2025,Kart İşlemleri - İşyeri:092800000013185 (Satış) N003 Yurt İçi Kredi Kartı İşlemi,18614.50
Banka Hesabı,QNB - Vadesiz Kobi Nakit,09/08/2025,Kart İşlemleri - İşyeri:092800000013185 (Satış) N001 Yurt İçi Banka Kartı İşlemi,15160.00
Banka Hesabı,QNB - Vadesiz Kobi Nakit,09/08/2025,Kart İşlemleri - İşyeri:092800000013185 (Satış) O138 QNB Banka Kartı İşlemi,1125.00
Banka Hesabı,QNB - Vadesiz Kobi Nakit,09/08/2025,Kart İşlemleri - İşyeri:092800000013185 (Satış) N004 Yurt Dışı Kredi Kartı İşlemi,1800.00
Banka Hesabı,QNB - Vadesiz Kobi Nakit,09/08/2025,Kart İşlemleri - İşyeri:092800000013185 (Satış) N004 Yurt Dışı Kredi Kartı Üye İşyeri Ücreti - Peşin,-34.20
Banka Hesabı,QNB - Vadesiz Kobi Nakit,09/08/2025,Kart İşlemleri - İşyeri:092800000013185 (Satış) N004 Yurt Dışı Kredi Kartı İşlemi BSMV,-1.71
Banka Hesabı,QNB - Vadesiz Kobi Nakit,09/08/2025,Kart İşlemleri - İşyeri:092800000013185 (Satış) N004 Yurt Dışı Kredi Kartı İşlemi,1200.00
Banka Hesabı,QNB - Vadesiz Kobi Nakit,09/08/2025,Kart İşlemleri - İşyeri:092800000013185 (Satış) N004 Yurt Dışı Kredi Kartı Üye İşyeri Ücreti - Peşin,-22.80
Banka Hesabı,QNB - Vadesiz Kobi Nakit,09/08/2025,Kart İşlemleri - İşyeri:092800000013185 (Satış) N004 Yurt Dışı Kredi Kartı İşlemi BSMV,-1.14
Banka Hesabı,QNB - Vadesiz Kobi Nakit,09/08/2025,Kart İşlemleri - İşyeri:092800000013185 (Satış) N002 Yurt Dışı Banka Kartı İşlemi,360.00
Banka Hesabı,QNB - Vadesiz Kobi Nakit,09/08/2025,Kart İşlemleri - İşyeri:092800000013185 (Satış) N002 Yurt Dışı Banka Kartı Üye İşyeri Ücreti - Peşin,-6.84
Banka Hesabı,QNB - Vadesiz Kobi Nakit,09/08/2025,Kart İşlemleri - İşyeri:092800000013185 (Satış) N002 Yurt Dışı Banka Kartı İşlemi BSMV,-0.34
Banka Hesabı,QNB - Vadesiz Kobi Nakit,10/08/2025,Kart İşlemleri - İşyeri:092800000013185 (Satış) N222 FAST NOTONUS SATIŞ İşlemi,675.00
Banka Hesabı,QNB - Vadesiz Kobi Nakit,10/08/2025,Kart İşlemleri - İşyeri:092800000013185 (Satış) O033 QNB Kredi Kartı İşlemi,1150.00
Banka Hesabı,QNB - Vadesiz Kobi Nakit,10/08/2025,Kart İşlemleri - İşyeri:092800000013185 (Satış) N003 Yurt İçi Kredi Kartı İşlemi,10045.00
Banka Hesabı,QNB - Vadesiz Kobi Nakit,10/08/2025,Kart İşlemleri - İşyeri:092800000013185 (Satış) N001 Yurt İçi Banka Kartı İşlemi,13130.00
Banka Hesabı,QNB - Vadesiz Kobi Nakit,10/08/2025,Kart İşlemleri - İşyeri:092800000013185 (Satış) O138 QNB Banka Kartı İşlemi,1815.00
Banka Hesabı,QNB - Vadesiz Kobi Nakit,10/08/2025,Kart İşlemleri - İşyeri:092800000013185 (Satış) N004 Yurt Dışı Kredi Kartı İşlemi,650.00
Banka Hesabı,QNB - Vadesiz Kobi Nakit,10/08/2025,Kart İşlemleri - İşyeri:092800000013185 (Satış) N004 Yurt Dışı Kredi Kartı Üye İşyeri Ücreti - Peşin,-12.35
Banka Hesabı,QNB - Vadesiz Kobi Nakit,10/08/2025,Kart İşlemleri - İşyeri:092800000013185 (Satış) N004 Yurt Dışı Kredi Kartı İşlemi BSMV,-0.62
Banka Hesabı,QNB - Vadesiz Kobi Nakit,10/08/2025,Kart İşlemleri - İşyeri:092800000013185 (Satış) N002 Yurt Dışı Banka Kartı İşlemi,1362.50
Banka Hesabı,QNB - Vadesiz Kobi Nakit,10/08/2025,Kart İşlemleri - İşyeri:092800000013185 (Satış) N002 Yurt Dışı Banka Kartı Üye İşyeri Ücreti - Peşin,-25.89
Banka Hesabı,QNB - Vadesiz Kobi Nakit,10/08/2025,Kart İşlemleri - İşyeri:092800000013185 (Satış) N002 Yurt Dışı Banka Kartı İşlemi BSMV,-1.29
Banka Hesabı,QNB - Vadesiz Kobi Nakit,11/08/2025,Kart İşlemleri - İşyeri:092800000013185 (Satış) N004 Yurt Dışı Kredi Kartı İşlemi,290.00
Banka Hesabı,QNB - Vadesiz Kobi Nakit,11/08/2025,Kart İşlemleri - İşyeri:092800000013185 (Satış) N004 Yurt Dışı Kredi Kartı Üye İşyeri Ücreti - Peşin,-5.51
Banka Hesabı,QNB - Vadesiz Kobi Nakit,11/08/2025,Kart İşlemleri - İşyeri:092800000013185 (Satış) N004 Yurt Dışı Kredi Kartı İşlemi BSMV,-0.28
Banka Hesabı,QNB - Vadesiz Kobi Nakit,11/08/2025,Kart İşlemleri - İşyeri:092800000013185 (Satış) N001 Yurt İçi Banka Kartı İşlemi,7270.00
Banka Hesabı,QNB - Vadesiz Kobi Nakit,11/08/2025,Kart İşlemleri - İşyeri:092800000013185 (Satış) O033 QNB Kredi Kartı İşlemi,775.00
Banka Hesabı,QNB - Vadesiz Kobi Nakit,11/08/2025,Kart İşlemleri - İşyeri:092800000013185 (Satış) N003 Yurt İçi Kredi Kartı İşlemi,21575.00
Banka Hesabı,QNB - Vadesiz Kobi Nakit,11/08/2025,Kart İşlemleri - İşyeri:092800000013185 (Satış) H033 HSBC Kredi Kartı İşlemi,465.00
Banka Hesabı,QNB - Vadesiz Kobi Nakit,11/08/2025,Transfer İşlemleri - Alıcı:Gümüşbulut Danışmanlık Turizm Gıda Sanay-Hesaptan hesaba havale Al.Hs:91739448 Mobil Bankacılı,-138263.45
Banka Hesabı,QNB - Vadesiz Kobi Nakit,12/08/2025,Kart İşlemleri - İşyeri:092800000013185 (Satış) N222 FAST NOTONUS SATIŞ İşlemi,430.00
Banka Hesabı,QNB - Vadesiz Kobi Nakit,12/08/2025,Kart İşlemleri - İşyeri:092800000013185 (Satış) O033 QNB Kredi Kartı İşlemi,950.00
Banka Hesabı,QNB - Vadesiz Kobi Nakit,12/08/2025,Kart İşlemleri - İşyeri:092800000013185 (Satış) N003 Yurt İçi Kredi Kartı İşlemi,22405.00
Banka Hesabı,QNB - Vadesiz Kobi Nakit,12/08/2025,Kart İşlemleri - İşyeri:092800000013185 (Satış) N001 Yurt İçi Banka Kartı İşlemi,13552.50
Banka Hesabı,QNB - Vadesiz Kobi Nakit,12/08/2025,Kart İşlemleri - İşyeri:092800000013185 (Satış) O138 QNB Banka Kartı İşlemi,1407.50
Banka Hesabı,QNB - Vadesiz Kobi Nakit,12/08/2025,Kart İşlemleri - İşyeri:092800000013185 (Satış) N002 Yurt Dışı Banka Kartı İşlemi,800.00
Banka Hesabı,QNB - Vadesiz Kobi Nakit,12/08/2025,Kart İşlemleri - İşyeri:092800000013185 (Satış) N002 Yurt Dışı Banka Kartı Üye İşyeri Ücreti - Peşin,-15.20
Banka Hesabı,QNB - Vadesiz Kobi Nakit,12/08/2025,Kart İşlemleri - İşyeri:092800000013185 (Satış) N002 Yurt Dışı Banka Kartı İşlemi BSMV,-0.76
Banka Hesabı,QNB - Vadesiz Kobi Nakit,12/08/2025,Transfer İşlemleri - Alıcı:Gümüşbulut Danışmanlık Turizm Gıda Sanay-Hesaptan hesaba havale Al.Hs:91739448 Mobil Bankacılı,-39529.04
Banka Hesabı,QNB - Vadesiz Kobi Nakit,13/08/2025,Kart İşlemleri - İşyeri:092800000013185 (Satış) N222 FAST NOTONUS SATIŞ İşlemi,825.00
Banka Hesabı,QNB - Vadesiz Kobi Nakit,13/08/2025,Kart İşlemleri - İşyeri:092800000013185 (Satış) O033 QNB Kredi Kartı İşlemi,4623.00
Banka Hesabı,QNB - Vadesiz Kobi Nakit,13/08/2025,Kart İşlemleri - İşyeri:092800000013185 (Satış) N003 Yurt İçi Kredi Kartı İşlemi,19004.00
Banka Hesabı,QNB - Vadesiz Kobi Nakit,13/08/2025,Kart İşlemleri - İşyeri:092800000013185 (Satış) N001 Yurt İçi Banka Kartı İşlemi,16638.00
Banka Hesabı,QNB - Vadesiz Kobi Nakit,13/08/2025,Kart İşlemleri - İşyeri:092800000013185 (Satış) O138 QNB Banka Kartı İşlemi,1080.00
Banka Hesabı,QNB - Vadesiz Kobi Nakit,13/08/2025,Transfer İşlemleri - Alıcı:Gümüşbulut Danışmanlık Turizm Gıda Sanay-Hesaptan hesaba havale Al.Hs:91739448 Mobil Bankacılı,-42170.00
Banka Hesabı,QNB - Vadesiz Kobi Nakit,14/08/2025,Kart İşlemleri - İşyeri:092800000013185 (Satış) N222 FAST NOTONUS SATIŞ İşlemi,360.00
Banka Hesabı,QNB - Vadesiz Kobi Nakit,14/08/2025,Kart İşlemleri - İşyeri:092800000013185 (Satış) O033 QNB Kredi Kartı İşlemi,1795.00
Banka Hesabı,QNB - Vadesiz Kobi Nakit,14/08/2025,Kart İşlemleri - İşyeri:092800000013185 (Satış) N003 Yurt İçi Kredi Kartı İşlemi,16820.00
Banka Hesabı,QNB - Vadesiz Kobi Nakit,14/08/2025,Kart İşlemleri - İşyeri:092800000013185 (Satış) N001 Yurt İçi Banka Kartı İşlemi,16350.00
Banka Hesabı,QNB - Vadesiz Kobi Nakit,14/08/2025,Kart İşlemleri - İşyeri:092800000013185 (Satış) O138 QNB Banka Kartı İşlemi,1050.00
Banka Hesabı,QNB - Vadesiz Kobi Nakit,14/08/2025,Transfer İşlemleri - Alıcı:Gümüşbulut Danışmanlık Turizm Gıda Sanay-Hesaptan hesaba havale Al.Hs:91739448 Mobil Bankacılı,-36375.00
Banka Hesabı,QNB - Vadesiz Kobi Nakit,15/08/2025,Kart İşlemleri - İşyeri:092800000013185 (Satış) N222 FAST NOTONUS SATIŞ İşlemi,2010.00
Banka Hesabı,QNB - Vadesiz Kobi Nakit,15/08/2025,Kart İşlemleri - İşyeri:092800000013185 (Satış) O033 QNB Kredi Kartı İşlemi,4415.00
Banka Hesabı,QNB - Vadesiz Kobi Nakit,15/08/2025,Kart İşlemleri - İşyeri:092800000013185 (Satış) N003 Yurt İçi Kredi Kartı İşlemi,22310.00
Banka Hesabı,QNB - Vadesiz Kobi Nakit,15/08/2025,Kart İşlemleri - İşyeri:092800000013185 (Satış) N001 Yurt İçi Banka Kartı İşlemi,11790.00
Banka Hesabı,QNB - Vadesiz Kobi Nakit,15/08/2025,Kart İşlemleri - İşyeri:092800000013185 (Satış) O138 QNB Banka Kartı İşlemi,1520.00
Banka Hesabı,QNB - Vadesiz Kobi Nakit,15/08/2025,Transfer İşlemleri - Gönderen: SET KURUMSAL HİZMETLER TİC. ANONİM ŞTİ. Sorgu No: 0166368 - SETCARD_56495_GÜMÜSBULUT DAN.T,39176.89
Banka Hesabı,QNB - Vadesiz Kobi Nakit,15/08/2025,Transfer İşlemleri - Gönderen: EDENRED KURUMSAL ÇÖZÜMLER A.Ş. Sorgu No: 0167273 - 30762145TICKET RESTAURANT ÖDEM AKBANK T,81013.88
Banka Hesabı,QNB - Vadesiz Kobi Nakit,15/08/2025,Transfer İşlemleri - Gönderen: METROPAL KURUMSAL HİZMETLER ANONİM ŞİRKETİ Sorgu No: 0041722 - GBD'2025000000106 NOLU FATU,42588.17
Banka Hesabı,QNB - Vadesiz Kobi Nakit,15/08/2025,Transfer İşlemleri - Gönderen: PLUXEE ÇALIŞAN DENEYİMİ DANIŞMANLIK VE P Sorgu No: 0788389 - Pluxee EFT -449574 AKBANK T.A,101071.09
Banka Hesabı,QNB - Vadesiz Kobi Nakit,16/08/2025,Kart İşlemleri - İşyeri:092800000013185 (Satış) N222 FAST NOTONUS SATIŞ İşlemi,290.00
Banka Hesabı,QNB - Vadesiz Kobi Nakit,16/08/2025,Kart İşlemleri - İşyeri:092800000013185 (Satış) O033 QNB Kredi Kartı İşlemi,4925.00
Banka Hesabı,QNB - Vadesiz Kobi Nakit,16/08/2025,Kart İşlemleri - İşyeri:092800000013185 (Satış) N003 Yurt İçi Kredi Kartı İşlemi,16655.00
Banka Hesabı,QNB - Vadesiz Kobi Nakit,16/08/2025,Kart İşlemleri - İşyeri:092800000013185 (Satış) N001 Yurt İçi Banka Kartı İşlemi,7985.00
Banka Hesabı,QNB - Vadesiz Kobi Nakit,16/08/2025,Kart İşlemleri - İşyeri:092800000013185 (Satış) O138 QNB Banka Kartı İşlemi,2090.00
Banka Hesabı,QNB - Vadesiz Kobi Nakit,16/08/2025,Transfer İşlemleri - Alıcı:Gümüşbulut Danışmanlık Turizm Gıda Sanay-Hesaptan hesaba havale Al.Hs:91739448 Mobil Bankacılı,-135000.00
Banka Hesabı,QNB - Vadesiz Kobi Nakit,17/08/2025,Kart İşlemleri - İşyeri:092800000013185 (Satış) N001 Yurt İçi Banka Kartı İşlemi,14905.00
Banka Hesabı,QNB - Vadesiz Kobi Nakit,17/08/2025,Kart İşlemleri - İşyeri:092800000013185 (Satış) O138 QNB Banka Kartı İşlemi,955.00
Banka Hesabı,QNB - Vadesiz Kobi Nakit,17/08/2025,Kart İşlemleri - İşyeri:092800000013185 (Satış) O033 QNB Kredi Kartı İşlemi,645.00
Banka Hesabı,QNB - Vadesiz Kobi Nakit,17/08/2025,Kart İşlemleri - İşyeri:092800000013185 (Satış) N003 Yurt İçi Kredi Kartı İşlemi,18035.00
Banka Hesabı,QNB - Vadesiz Kobi Nakit,17/08/2025,Kart İşlemleri -  2794079        -DURUMLE                  ISTANBUL     TR Pos satış.,-498.00
Banka Hesabı,QNB - Vadesiz Kobi Nakit,18/08/2025,Kart İşlemleri - İşyeri:092800000013185 (Satış) N222 FAST NOTONUS SATIŞ İşlemi,290.00
Banka Hesabı,QNB - Vadesiz Kobi Nakit,18/08/2025,Kart İşlemleri - İşyeri:092800000013185 (Satış) O033 QNB Kredi Kartı İşlemi,2785.00
Banka Hesabı,QNB - Vadesiz Kobi Nakit,18/08/2025,Kart İşlemleri - İşyeri:092800000013185 (Satış) N003 Yurt İçi Kredi Kartı İşlemi,27820.00
Banka Hesabı,QNB - Vadesiz Kobi Nakit,18/08/2025,Kart İşlemleri - İşyeri:092800000013185 (Satış) N001 Yurt İçi Banka Kartı İşlemi,8985.00
Banka Hesabı,QNB - Vadesiz Kobi Nakit,19/08/2025,Kart İşlemleri - İşyeri:092800000013185 (Satış) N222 FAST NOTONUS SATIŞ İşlemi,745.00
Banka Hesabı,QNB - Vadesiz Kobi Nakit,19/08/2025,Kart İşlemleri - İşyeri:092800000013185 (Satış) O033 QNB Kredi Kartı İşlemi,4150.00
Banka Hesabı,QNB - Vadesiz Kobi Nakit,19/08/2025,Kart İşlemleri - İşyeri:092800000013185 (Satış) N003 Yurt İçi Kredi Kartı İşlemi,26665.00
Banka Hesabı,QNB - Vadesiz Kobi Nakit,19/08/2025,Kart İşlemleri - İşyeri:092800000013185 (Satış) N001 Yurt İçi Banka Kartı İşlemi,13176.00
Banka Hesabı,QNB - Vadesiz Kobi Nakit,19/08/2025,Kart İşlemleri - İşyeri:092800000013185 (Satış) O138 QNB Banka Kartı İşlemi,920.00
Banka Hesabı,QNB - Vadesiz Kobi Nakit,19/08/2025,Kart İşlemleri - İşyeri:092800000013185 (Satış) N004 Yurt Dışı Kredi Kartı İşlemi,350.00
Banka Hesabı,QNB - Vadesiz Kobi Nakit,19/08/2025,Kart İşlemleri - İşyeri:092800000013185 (Satış) N004 Yurt Dışı Kredi Kartı Üye İşyeri Ücreti - Peşin,-6.65
Banka Hesabı,QNB - Vadesiz Kobi Nakit,19/08/2025,Kart İşlemleri - İşyeri:092800000013185 (Satış) N004 Yurt Dışı Kredi Kartı İşlemi BSMV,-0.33
Banka Hesabı,QNB - Vadesiz Kobi Nakit,20/08/2025,Kart İşlemleri - İşyeri:092800000013185 (Satış) N004 Yurt Dışı Kredi Kartı İşlemi,525.00
Banka Hesabı,QNB - Vadesiz Kobi Nakit,20/08/2025,Kart İşlemleri - İşyeri:092800000013185 (Satış) N004 Yurt Dışı Kredi Kartı Üye İşyeri Ücreti - Peşin,-9.98
Banka Hesabı,QNB - Vadesiz Kobi Nakit,20/08/2025,Kart İşlemleri - İşyeri:092800000013185 (Satış) N004 Yurt Dışı Kredi Kartı İşlemi BSMV,-0.50
Banka Hesabı,QNB - Vadesiz Kobi Nakit,20/08/2025,Kart İşlemleri - İşyeri:092800000013185 (Satış) N002 Yurt Dışı Banka Kartı İşlemi,50.00
Banka Hesabı,QNB - Vadesiz Kobi Nakit,20/08/2025,Kart İşlemleri - İşyeri:092800000013185 (Satış) N002 Yurt Dışı Banka Kartı Üye İşyeri Ücreti - Peşin,-0.95
Banka Hesabı,QNB - Vadesiz Kobi Nakit,20/08/2025,Kart İşlemleri - İşyeri:092800000013185 (Satış) N002 Yurt Dışı Banka Kartı İşlemi BSMV,-0.05
Banka Hesabı,QNB - Vadesiz Kobi Nakit,20/08/2025,Kart İşlemleri - İşyeri:092800000013185 (Satış) N222 FAST NOTONUS SATIŞ İşlemi,935.00
Banka Hesabı,QNB - Vadesiz Kobi Nakit,20/08/2025,Kart İşlemleri - İşyeri:092800000013185 (Satış) O033 QNB Kredi Kartı İşlemi,850.00
Banka Hesabı,QNB - Vadesiz Kobi Nakit,20/08/2025,Kart İşlemleri - İşyeri:092800000013185 (Satış) N003 Yurt İçi Kredi Kartı İşlemi,13853.00
Banka Hesabı,QNB - Vadesiz Kobi Nakit,20/08/2025,Kart İşlemleri - İşyeri:092800000013185 (Satış) N001 Yurt İçi Banka Kartı İşlemi,10500.00
Banka Hesabı,QNB - Vadesiz Kobi Nakit,20/08/2025,Kart İşlemleri - İşyeri:092800000013185 (Satış) O138 QNB Banka Kartı İşlemi,1087.50
Banka Hesabı,QNB - Vadesiz Kobi Nakit,20/08/2025,Transfer İşlemleri - Alıcı:Gümüşbulut Danışmanlık Turizm Gıda Sanay-Hesaptan hesaba havale Al.Hs:91739448 Mobil Bankacılı,-50000.00
Banka Hesabı,QNB - Vadesiz Kobi Nakit,21/08/2025,Kart İşlemleri - İşyeri:092800000013185 (Satış) O033 QNB Kredi Kartı İşlemi,2675.00
Banka Hesabı,QNB - Vadesiz Kobi Nakit,21/08/2025,Kart İşlemleri - İşyeri:092800000013185 (Satış) N003 Yurt İçi Kredi Kartı İşlemi,20130.00
Banka Hesabı,QNB - Vadesiz Kobi Nakit,21/08/2025,Kart İşlemleri - İşyeri:092800000013185 (Satış) N001 Yurt İçi Banka Kartı İşlemi,9725.00
Banka Hesabı,QNB - Vadesiz Kobi Nakit,21/08/2025,Kart İşlemleri - İşyeri:092800000013185 (Satış) O138 QNB Banka Kartı İşlemi,1845.00
Banka Hesabı,QNB - Vadesiz Kobi Nakit,22/08/2025,Kart İşlemleri - İşyeri:092800000013185 (Satış) N222 FAST NOTONUS SATIŞ İşlemi,375.00
Banka Hesabı,QNB - Vadesiz Kobi Nakit,22/08/2025,Kart İşlemleri - İşyeri:092800000013185 (Satış) O033 QNB Kredi Kartı İşlemi,630.00
Banka Hesabı,QNB - Vadesiz Kobi Nakit,22/08/2025,Kart İşlemleri - İşyeri:092800000013185 (Satış) N003 Yurt İçi Kredi Kartı İşlemi,24725.00
Banka Hesabı,QNB - Vadesiz Kobi Nakit,22/08/2025,Kart İşlemleri - İşyeri:092800000013185 (Satış) N001 Yurt İçi Banka Kartı İşlemi,12345.00
Banka Hesabı,QNB - Vadesiz Kobi Nakit,22/08/2025,Kart İşlemleri - İşyeri:092800000013185 (Satış) O138 QNB Banka Kartı İşlemi,1980.00
Banka Hesabı,QNB - Vadesiz Kobi Nakit,23/08/2025,Kart İşlemleri - İşyeri:092800000013185 (Satış) N222 FAST NOTONUS SATIŞ İşlemi,425.00
Banka Hesabı,QNB - Vadesiz Kobi Nakit,23/08/2025,Kart İşlemleri - İşyeri:092800000013185 (Satış) O033 QNB Kredi Kartı İşlemi,4400.00
Banka Hesabı,QNB - Vadesiz Kobi Nakit,23/08/2025,Kart İşlemleri - İşyeri:092800000013185 (Satış) N003 Yurt İçi Kredi Kartı İşlemi,16160.00
Banka Hesabı,QNB - Vadesiz Kobi Nakit,23/08/2025,Kart İşlemleri - İşyeri:092800000013185 (Satış) N001 Yurt İçi Banka Kartı İşlemi,15490.00
Banka Hesabı,QNB - Vadesiz Kobi Nakit,23/08/2025,Kart İşlemleri - İşyeri:092800000013185 (Satış) O138 QNB Banka Kartı İşlemi,4035.00
Banka Hesabı,QNB - Vadesiz Kobi Nakit,24/08/2025,Kart İşlemleri - İşyeri:092800000013185 (Satış) N002 Yurt Dışı Banka Kartı İşlemi,1170.00
Banka Hesabı,QNB - Vadesiz Kobi Nakit,24/08/2025,Kart İşlemleri - İşyeri:092800000013185 (Satış) N002 Yurt Dışı Banka Kartı Üye İşyeri Ücreti - Peşin,-22.23
Banka Hesabı,QNB - Vadesiz Kobi Nakit,24/08/2025,Kart İşlemleri - İşyeri:092800000013185 (Satış) N002 Yurt Dışı Banka Kartı İşlemi BSMV,-1.11
Banka Hesabı,QNB - Vadesiz Kobi Nakit,24/08/2025,Kart İşlemleri - İşyeri:092800000013185 (Satış) N222 FAST NOTONUS SATIŞ İşlemi,1440.00
Banka Hesabı,QNB - Vadesiz Kobi Nakit,24/08/2025,Kart İşlemleri - İşyeri:092800000013185 (Satış) O218 FAST ONUS SATIŞ İşlemi,580.00
Banka Hesabı,QNB - Vadesiz Kobi Nakit,24/08/2025,Kart İşlemleri - İşyeri:092800000013185 (Satış) O033 QNB Kredi Kartı İşlemi,2765.00
Banka Hesabı,QNB - Vadesiz Kobi Nakit,24/08/2025,Kart İşlemleri - İşyeri:092800000013185 (Satış) N003 Yurt İçi Kredi Kartı İşlemi,20840.00
Banka Hesabı,QNB - Vadesiz Kobi Nakit,24/08/2025,Kart İşlemleri - İşyeri:092800000013185 (Satış) N001 Yurt İçi Banka Kartı İşlemi,12170.00
Banka Hesabı,QNB - Vadesiz Kobi Nakit,24/08/2025,Kart İşlemleri - İşyeri:092800000013185 (Satış) O138 QNB Banka Kartı İşlemi,670.00
Banka Hesabı,QNB - Vadesiz Kobi Nakit,25/08/2025,Kart İşlemleri - İşyeri:092800000013185 (Satış) N222 FAST NOTONUS SATIŞ İşlemi,270.00
Banka Hesabı,QNB - Vadesiz Kobi Nakit,25/08/2025,Kart İşlemleri - İşyeri:092800000013185 (Satış) O033 QNB Kredi Kartı İşlemi,4065.00
Banka Hesabı,QNB - Vadesiz Kobi Nakit,25/08/2025,Kart İşlemleri - İşyeri:092800000013185 (Satış) N003 Yurt İçi Kredi Kartı İşlemi,23265.00
Banka Hesabı,QNB - Vadesiz Kobi Nakit,25/08/2025,Kart İşlemleri - İşyeri:092800000013185 (Satış) N001 Yurt İçi Banka Kartı İşlemi,11275.00
Banka Hesabı,QNB - Vadesiz Kobi Nakit,25/08/2025,Kart İşlemleri - İşyeri:092800000013185 (Satış) O138 QNB Banka Kartı İşlemi,1495.00
Banka Hesabı,QNB - Vadesiz Kobi Nakit,25/08/2025,Transfer İşlemleri - Alıcı:Gümüşbulut Danışmanlık Turizm Gıda Sanay-Hesaptan hesaba havale Al.Hs:91739448 Mobil Bankacılı,-150000.00
Banka Hesabı,QNB - Vadesiz Kobi Nakit,26/08/2025,Kart İşlemleri - İşyeri:092800000013185 (Satış) N004 Yurt Dışı Kredi Kartı İşlemi,895.00
Banka Hesabı,QNB - Vadesiz Kobi Nakit,26/08/2025,Kart İşlemleri - İşyeri:092800000013185 (Satış) N004 Yurt Dışı Kredi Kartı Üye İşyeri Ücreti - Peşin,-17.01
Banka Hesabı,QNB - Vadesiz Kobi Nakit,26/08/2025,Kart İşlemleri - İşyeri:092800000013185 (Satış) N004 Yurt Dışı Kredi Kartı İşlemi BSMV,-0.85
Banka Hesabı,QNB - Vadesiz Kobi Nakit,26/08/2025,Kart İşlemleri - İşyeri:092800000013185 (Satış) O033 QNB Kredi Kartı İşlemi,3085.00
Banka Hesabı,QNB - Vadesiz Kobi Nakit,26/08/2025,Kart İşlemleri - İşyeri:092800000013185 (Satış) N003 Yurt İçi Kredi Kartı İşlemi,24755.00
Banka Hesabı,QNB - Vadesiz Kobi Nakit,26/08/2025,Kart İşlemleri - İşyeri:092800000013185 (Satış) N001 Yurt İçi Banka Kartı İşlemi,9195.00
Banka Hesabı,QNB - Vadesiz Kobi Nakit,26/08/2025,Kart İşlemleri - İşyeri:092800000013185 (Satış) O138 QNB Banka Kartı İşlemi,1375.00
Banka Hesabı,QNB - Vadesiz Kobi Nakit,27/08/2025,Kart İşlemleri - İşyeri:092800000013185 (Satış) O033 QNB Kredi Kartı İşlemi,1770.00
Banka Hesabı,QNB - Vadesiz Kobi Nakit,27/08/2025,Kart İşlemleri - İşyeri:092800000013185 (Satış) N003 Yurt İçi Kredi Kartı İşlemi,25890.00
Banka Hesabı,QNB - Vadesiz Kobi Nakit,27/08/2025,Kart İşlemleri - İşyeri:092800000013185 (Satış) N001 Yurt İçi Banka Kartı İşlemi,13690.00
Banka Hesabı,QNB - Vadesiz Kobi Nakit,27/08/2025,Kart İşlemleri - İşyeri:092800000013185 (Satış) O138 QNB Banka Kartı İşlemi,1050.00
Banka Hesabı,QNB - Vadesiz Kobi Nakit,27/08/2025,Kart İşlemleri - İşyeri:092800000013185 (Satış) N213 Yurtdışı DCC Banka Kartı İşlemi,1190.00
Banka Hesabı,QNB - Vadesiz Kobi Nakit,27/08/2025,Kart İşlemleri - İşyeri:092800000013185 (Satış) N213 Yurtdışı DCC Banka Kartı Üye İşyeri Ücreti - Peşin,-22.61
Banka Hesabı,QNB - Vadesiz Kobi Nakit,27/08/2025,Kart İşlemleri - İşyeri:092800000013185 (Satış) N213 Yurtdışı DCC Banka Kartı İşlemi BSMV,-1.13
Banka Hesabı,QNB - Vadesiz Kobi Nakit,27/08/2025,"Transfer İşlemleri - Gönderen: NARMIN RASULZADE Sorgu No: 2654014101 - BRANDİUM AVM,TAVUK DÜNYASI,KEK Türkiye İş Bankası ",360.00
Banka Hesabı,QNB - Vadesiz Kobi Nakit,28/08/2025,Kart İşlemleri - İşyeri:092800000013185 (Satış) O033 QNB Kredi Kartı İşlemi,375.00
Banka Hesabı,QNB - Vadesiz Kobi Nakit,28/08/2025,Kart İşlemleri - İşyeri:092800000013185 (Satış) N003 Yurt İçi Kredi Kartı İşlemi,18225.00
Banka Hesabı,QNB - Vadesiz Kobi Nakit,28/08/2025,Kart İşlemleri - İşyeri:092800000013185 (Satış) N001 Yurt İçi Banka Kartı İşlemi,12175.00
Banka Hesabı,QNB - Vadesiz Kobi Nakit,28/08/2025,Kart İşlemleri - İşyeri:092800000013185 (Satış) O138 QNB Banka Kartı İşlemi,720.00
Banka Hesabı,QNB - Vadesiz Kobi Nakit,28/08/2025,Transfer İşlemleri - Gönderen: MULTINET KURUMSAL HİZMETLER A.Ş. Sorgu No: 3359727 - MULTINET  0000014225 Gümüşbulu AKBANK,83012.40
Banka Hesabı,QNB - Vadesiz Kobi Nakit,29/08/2025,Kart İşlemleri - İşyeri:092800000013185 (Satış) O033 QNB Kredi Kartı İşlemi,3695.00
Banka Hesabı,QNB - Vadesiz Kobi Nakit,29/08/2025,Kart İşlemleri - İşyeri:092800000013185 (Satış) N003 Yurt İçi Kredi Kartı İşlemi,8865.00
Banka Hesabı,QNB - Vadesiz Kobi Nakit,29/08/2025,Kart İşlemleri - İşyeri:092800000013185 (Satış) N001 Yurt İçi Banka Kartı İşlemi,11782.00
Banka Hesabı,QNB - Vadesiz Kobi Nakit,29/08/2025,Kart İşlemleri - İşyeri:092800000013185 (Satış) O138 QNB Banka Kartı İşlemi,1525.00
Banka Hesabı,QNB - Vadesiz Kobi Nakit,29/08/2025,Transfer İşlemleri - Gönderen: SET KURUMSAL HİZMETLER TİC. ANONİM ŞTİ. Sorgu No: 5515659 - SETCARD_56495_GÜMÜSBULUT DAN.T,29531.64
Banka Hesabı,QNB - Vadesiz Kobi Nakit,30/08/2025,Kart İşlemleri - İşyeri:092800000013185 (Satış) N222 FAST NOTONUS SATIŞ İşlemi,570.00
Banka Hesabı,QNB - Vadesiz Kobi Nakit,30/08/2025,Kart İşlemleri - İşyeri:092800000013185 (Satış) O033 QNB Kredi Kartı İşlemi,4600.00
Banka Hesabı,QNB - Vadesiz Kobi Nakit,30/08/2025,Kart İşlemleri - İşyeri:092800000013185 (Satış) N003 Yurt İçi Kredi Kartı İşlemi,18870.00
Banka Hesabı,QNB - Vadesiz Kobi Nakit,30/08/2025,Kart İşlemleri - İşyeri:092800000013185 (Satış) N001 Yurt İçi Banka Kartı İşlemi,14885.00
Banka Hesabı,QNB - Vadesiz Kobi Nakit,30/08/2025,Kart İşlemleri - İşyeri:092800000013185 (Satış) O138 QNB Banka Kartı İşlemi,505.00
Banka Hesabı,QNB - Vadesiz Kobi Nakit,31/08/2025,Kart İşlemleri - İşyeri:092800000013185 (Satış) O033 QNB Kredi Kartı İşlemi,1470.00
Banka Hesabı,QNB - Vadesiz Kobi Nakit,31/08/2025,Kart İşlemleri - İşyeri:092800000013185 (Satış) N003 Yurt İçi Kredi Kartı İşlemi,21320.00
Banka Hesabı,QNB - Vadesiz Kobi Nakit,31/08/2025,Kart İşlemleri - İşyeri:092800000013185 (Satış) N001 Yurt İçi Banka Kartı İşlemi,11935.00
Banka Hesabı,QNB - Vadesiz Kobi Nakit,31/08/2025,Kart İşlemleri - İşyeri:092800000013185 (Satış) O138 QNB Banka Kartı İşlemi,735.00
Banka Hesabı,QNB - Vadesiz Kobi Nakit,31/08/2025,Transfer İşlemleri - Alıcı:Gümüşbulut Danışmanlık Turizm Gıda Sanay-Hesaptan hesaba havale Al.Hs:91739448 Mobil Bankacılı,-500000.00
Banka Hesabı,QNB - Vadesiz Kobi Nakit,01/09/2025,Kart İşlemleri - İşyeri:092800000013185 (Satış) N002 Yurt Dışı Banka Kartı İşlemi,720.00
Banka Hesabı,QNB - Vadesiz Kobi Nakit,01/09/2025,Kart İşlemleri - İşyeri:092800000013185 (Satış) N002 Yurt Dışı Banka Kartı Üye İşyeri Ücreti - Peşin,-13.68
Banka Hesabı,QNB - Vadesiz Kobi Nakit,01/09/2025,Kart İşlemleri - İşyeri:092800000013185 (Satış) N002 Yurt Dışı Banka Kartı İşlemi BSMV,-0.68
Banka Hesabı,QNB - Vadesiz Kobi Nakit,01/09/2025,Kart İşlemleri - İşyeri:092800000013185 (Satış) N222 FAST NOTONUS SATIŞ İşlemi,1000.00
Banka Hesabı,QNB - Vadesiz Kobi Nakit,01/09/2025,Kart İşlemleri - İşyeri:092800000013185 (Satış) O033 QNB Kredi Kartı İşlemi,2815.00
Banka Hesabı,QNB - Vadesiz Kobi Nakit,01/09/2025,Kart İşlemleri - İşyeri:092800000013185 (Satış) N003 Yurt İçi Kredi Kartı İşlemi,27267.50
Banka Hesabı,QNB - Vadesiz Kobi Nakit,01/09/2025,Kart İşlemleri - İşyeri:092800000013185 (Satış) N001 Yurt İçi Banka Kartı İşlemi,11057.50
Banka Hesabı,QNB - Vadesiz Kobi Nakit,01/09/2025,Kart İşlemleri - İşyeri:092800000013185 (Satış) O138 QNB Banka Kartı İşlemi,1585.00
Banka Hesabı,QNB - Vadesiz Kobi Nakit,01/09/2025,Transfer İşlemleri - Gönderen: EDENRED KURUMSAL ÇÖZÜMLER A.Ş. Sorgu No: 9232486 - 30762145TICKET RESTAURANT ÖDEM AKBANK T,40183.59
Banka Hesabı,QNB - Vadesiz Kobi Nakit,01/09/2025,Transfer İşlemleri - Gönderen: PLUXEE ÇALIŞAN DENEYİMİ DANIŞMANLIK VE P Sorgu No: 0001676 - Pluxee EFT -449574 AKBANK T.A,56281.13
