Tip;Hesap_Adi;Tarih;Açıklama;Tutar
Kredi Kartı;QNB-KOBİ TROY Temassız  ;14-07-25;Ödeme - Tesekkür Ederiz -;-224094,71
Kredi Kartı;QNB-KOBİ TROY Temassız  ;11-07-25;PELIT PASTACILIK- ÜMRANİY;2150
Kredi Kartı;QNB-KOBİ TROY Temassız  ;11-07-25;BIM A.S. ATASEHIR/ATASE;242
Kredi Kartı;QNB-KOBİ TROY Temassız  ;21-07-25;KOZYATAĞI V.D İSTANBUL TRTR;100846,48
Kredi Kartı;QNB-KOBİ TROY Temassız  ;22-06-25;İSTATAŞEHİRDÜKKANCSA İSTANBUL TRTR;567
Kredi Kartı;QNB-KOBİ TROY Temassız  ;23-06-25;KOZYATAĞI V.D İSTANBUL TRTR;34581,7
Kredi Kartı;QNB-KOBİ TROY Temassız  ;26-06-25;KOZYATAĞI V.D İSTANBUL TRTR;129148,79
Kredi Kartı;QNB-KOBİ TROY Temassız  ;27-06-25;BIM ATASEHIR 5873;254,5
Banka Hesabı;QNB - DBS;20-05-25;Ödeme İşlemleri - DBS Fatura Tahsilatı - OTOMATİK. Bayi Referans: BAYİ 3CR 34AN23 Fatura No: 20250090107493.;-972,13
Banka Hesabı;QNB - DBS;20-05-25;Ödeme İşlemleri - DBS Fatura Tahsilatı - OTOMATİK. Bayi Referans: BAYİ 3CR 34AN23 Fatura No: 20250090108648.;-13922,05
Banka Hesabı;QNB - DBS;20-05-25;Ödeme İşlemleri - DBS Fatura Tahsilatı - OTOMATİK. Bayi Referans: BAYİ 3CR 34AN23 Fatura No: 20250090108647.;-4331,39
Banka Hesabı;QNB - DBS;20-05-25;Mevduat İşlemleri - 2025-Mayıs  Avans Ödemesi;-73000
Banka Hesabı;QNB - DBS;20-05-25;Mevduat İşlemleri - FS995 NOLU ATM DEN VADESIZ HESABA  PARA YATIRMA, 982698;3900
Banka Hesabı;QNB - DBS;21-05-25;Transfer İşlemleri - Gönderen:Gümüşbulut Danışmanlık Turizm Gıda Sanay-Hesaptan hesaba havale;26805
Banka Hesabı;QNB - DBS;22-05-25;Ödeme İşlemleri - 2165740064 - Türk Telekom Ses/Data/ICT TAHSİLATI OTOMATIK ;-179
Banka Hesabı;QNB - DBS;22-05-25;Ödeme İşlemleri - 2165740065 - Türk Telekom Ses/Data/ICT TAHSİLATI OTOMATIK ;-179
Banka Hesabı;QNB - DBS;22-05-25;Transfer İşlemleri - Gönderen:Gümüşbulut Danışmanlık Turizm Gıda Sanay-Hesaptan hesaba havale;46710
Banka Hesabı;QNB - DBS;22-05-25;Kart İşlemleri -  CEP_ŞUBE  979203******3618 nolu kart ödemesi;-50000
Banka Hesabı;QNB - DBS;23-05-25;Transfer İşlemleri - Gönderen:Gümüşbulut Danışmanlık Turizm Gıda Sanay-Hesaptan hesaba havale;40008,02
Banka Hesabı;QNB - DBS;23-05-25;Mevduat İşlemleri - FS995 NOLU ATM DEN VADESIZ HESABA  PARA YATIRMA, 917835;15800
Banka Hesabı;QNB - DBS;25-05-25;Mevduat İşlemleri - FS995 NOLU ATM DEN VADESIZ HESABA  PARA YATIRMA, 513398;15700
Banka Hesabı;QNB - DBS;26-05-25;Transfer İşlemleri - Gönderen:Gümüşbulut Danışmanlık Turizm Gıda Sanay-Hesaptan hesaba havale;131617,79
Banka Hesabı;QNB - DBS;26-05-25;Ödeme İşlemleri - DBS Fatura Tahsilatı - OTOMATİK. Bayi Referans: BAYİ 3CR 34AN23 Fatura No: 20251600004828.;-182683,45
Banka Hesabı;QNB - DBS;26-05-25;Mevduat İşlemleri - FS995 NOLU ATM DEN VADESIZ HESABA  PARA YATIRMA, 609682;5700
Banka Hesabı;QNB - DBS;27-05-25;Transfer İşlemleri - Gönderen:Gümüşbulut Danışmanlık Turizm Gıda Sanay-Hesaptan hesaba havale;61900
Banka Hesabı;QNB - DBS;27-05-25;Mevduat İşlemleri - FC402 NOLU ATM DEN VADESIZ HESABA  PARA YATIRMA, 946184;15400
Banka Hesabı;QNB - DBS;28-05-25;Transfer İşlemleri - Gönderen:Gümüşbulut Danışmanlık Turizm Gıda Sanay-Hesaptan hesaba havale;48551
Banka Hesabı;QNB - DBS;28-05-25;Transfer İşlemleri - Alıcı:Coca-cola Satış Ve Dağıtım Anonim Şirket-CNO20000009 gümüşbulut aş  Al.Hs:35944446 Mobil Banka;-76905,46
Banka Hesabı;QNB - DBS;28-05-25;Transfer İşlemleri - Alıcı : FASDAT GIDA DAĞITIM SAN TİC AŞ Türkiye Cumhuriyeti Ziraat Bankası A.Ş. Sorgu No: 760226979 M;-32886,27
Banka Hesabı;QNB - DBS;28-05-25;Transfer İşlemleri - Alıcı : G2M  Dağıtım Pazarlama ve Tic AŞ Türkiye Garanti Bankası A.Ş. Sorgu No: 760229877 MOBIL;-18416,35
Banka Hesabı;QNB - DBS;28-05-25;Transfer İşlemleri - Alıcı : Kübra Şerbetçi Türkiye İş Bankası A.Ş. Sorgu No: 760232975 MOBIL;-26473,31
Banka Hesabı;QNB - DBS;28-05-25;Transfer İşlemleri - Alıcı : SEHER GIDA PAZ. SAN. VE TİC. AŞ. Türkiye Garanti Bankası A.Ş. Sorgu No: 760239721 MOBIL;-6706,9
Banka Hesabı;QNB - DBS;29-05-25;Transfer İşlemleri - Gönderen:Gümüşbulut Danışmanlık Turizm Gıda Sanay-Hesaptan hesaba havale;39041
Banka Hesabı;QNB - DBS;29-05-25;Mevduat İşlemleri - FS995 NOLU ATM DEN VADESIZ HESABA  PARA YATIRMA, 608886;5600
Banka Hesabı;QNB - DBS;30-05-25;Transfer İşlemleri - Gönderen:Gümüşbulut Danışmanlık Turizm Gıda Sanay-Hesaptan hesaba havale;88207,81
Banka Hesabı;QNB - DBS;30-05-25;Transfer İşlemleri - Alıcı : Çiğdem Koç Türkiye Garanti Bankası A.Ş. Sorgu No: 766362378 MOBIL;-15000
Banka Hesabı;QNB - DBS;30-05-25;Transfer İşlemleri - Gönderen:Gümüşbulut Danışmanlık Turizm Gıda Sanay-Hesaptan hesaba havale;159090,95
Banka Hesabı;QNB - DBS;30-05-25;Ödeme İşlemleri - DBS Fatura Tahsilatı - OTOMATİK. Bayi Referans: BAYİ 3CR 34AN23 Fatura No: 20250090109274.;-6770,56
Banka Hesabı;QNB - DBS;30-05-25;Ödeme İşlemleri - DBS Fatura Tahsilatı - OTOMATİK. Bayi Referans: BAYİ 3CR 34AN23 Fatura No: 20250090109273.;-58288,74
Banka Hesabı;QNB - DBS;30-05-25;Ödeme İşlemleri - DBS Fatura Tahsilatı - OTOMATİK. Bayi Referans: BAYİ 3CR 34AN23 Fatura No: 20250090110138.;-27262,38
Banka Hesabı;QNB - DBS;30-05-25;Ödeme İşlemleri - DBS Fatura Tahsilatı - OTOMATİK. Bayi Referans: BAYİ 3CR 34AN23 Fatura No: 20250090110139.;-23925,22
Banka Hesabı;QNB - DBS;30-05-25;Ödeme İşlemleri - DBS Fatura Tahsilatı - OTOMATİK. Bayi Referans: BAYİ 3CR 34AN23 Fatura No: 20250090110140.;-17246,6
Banka Hesabı;QNB - DBS;30-05-25;Ödeme İşlemleri - DBS Fatura Tahsilatı - OTOMATİK. Bayi Referans: BAYİ 3CR 34AN23 Fatura No: 20250090109275.;-7997,97
Banka Hesabı;QNB - DBS;30-05-25;Ödeme İşlemleri - DBS Fatura Tahsilatı - OTOMATİK. Bayi Referans: BAYİ 3CR 34AN23 Fatura No: 20250090111075.;-3029,5
Banka Hesabı;QNB - DBS;30-05-25;Ödeme İşlemleri - DBS Fatura Tahsilatı - OTOMATİK. Bayi Referans: BAYİ 3CR 34AN23 Fatura No: 20250090111074.;-10473,15
Banka Hesabı;QNB - DBS;30-05-25;Ödeme İşlemleri - DBS Fatura Tahsilatı - OTOMATİK. Bayi Referans: BAYİ 3CR 34AN23 Fatura No: 20250090111076.;-4009,7
Banka Hesabı;QNB - DBS;30-05-25;Mevduat İşlemleri - FS995 NOLU ATM DEN VADESIZ HESABA  PARA YATIRMA, 504701;4900
Banka Hesabı;QNB - DBS;31-05-25;Transfer İşlemleri - Gönderen:Gümüşbulut Danışmanlık Turizm Gıda Sanay-Hesaptan hesaba havale;45830
Banka Hesabı;QNB - DBS;01-06-25;Mevduat İşlemleri - FS995 NOLU ATM DEN VADESIZ HESABA  PARA YATIRMA, 281296;14550
Banka Hesabı;QNB - DBS;01-06-25;Transfer İşlemleri - Gönderen:Gümüşbulut Danışmanlık Turizm Gıda Sanay-Hesaptan hesaba havale;33775
Banka Hesabı;QNB - DBS;02-06-25;Ödeme İşlemleri - 4A Prim Borcu SGK Ödemesi;-128560,32
Banka Hesabı;QNB - DBS;02-06-25;Ödeme İşlemleri - 500101167879 - İGDAŞ - İstanbul Gaz Dağıtım TAHSİLATI OTOMATIK ;-8133
Banka Hesabı;QNB - DBS;02-06-25;Transfer İşlemleri - Gönderen:Gümüşbulut Danışmanlık Turizm Gıda Sanay-Hesaptan hesaba havale;43392,5
Banka Hesabı;QNB - DBS;03-06-25;Transfer İşlemleri - Gönderen:Gümüşbulut Danışmanlık Turizm Gıda Sanay-Hesaptan hesaba havale;42685
Banka Hesabı;QNB - DBS;03-06-25;Transfer İşlemleri - Gönderen:Serdar Günizi-Gümüşbuluta borç;110000
Banka Hesabı;QNB - DBS;03-06-25;Ödeme İşlemleri - DBS Fatura Tahsilatı - OTOMATİK. Bayi Referans: BAYİ 3CR 34AN23 Fatura No: 20250090113429.;-65120,43
Banka Hesabı;QNB - DBS;03-06-25;Ödeme İşlemleri - DBS Fatura Tahsilatı - OTOMATİK. Bayi Referans: BAYİ 3CR 34AN23 Fatura No: 20250090114254.;-47093,89
Banka Hesabı;QNB - DBS;04-06-25;Transfer İşlemleri - Gönderen:Gümüşbulut Danışmanlık Turizm Gıda Sanay-Hesaptan hesaba havale;44195
Banka Hesabı;QNB - DBS;04-06-25;Transfer İşlemleri - Alıcı : Mete güven Akbank T.A.Ş. Sorgu No: 787141876 MOBIL;-10200
Banka Hesabı;QNB - DBS;04-06-25;Mevduat İşlemleri - 2025-Mayıs  Maaş+Fazla Mesai+Agi Ödemesi;-255426,95
Banka Hesabı;QNB - DBS;04-06-25;Mevduat İşlemleri - FS995 NOLU ATM DEN VADESIZ HESABA  PARA YATIRMA, 364186;22900
Banka Hesabı;QNB - DBS;05-06-25;Transfer İşlemleri - Gönderen:Gümüşbulut Danışmanlık Turizm Gıda Sanay-Hesaptan hesaba havale;40860
Banka Hesabı;QNB - DBS;05-06-25;Ödeme İşlemleri - DBS Fatura Tahsilatı - OTOMATİK. Bayi Referans: BAYİ 3CR 34AN23 Fatura No: 20250090114256.;-41211,67
Banka Hesabı;QNB - DBS;05-06-25;Ödeme İşlemleri - DBS Fatura Tahsilatı - OTOMATİK. Bayi Referans: BAYİ 3CR 34AN23 Fatura No: 20250090113431.;-18684,16
Banka Hesabı;QNB - DBS;05-06-25;Ödeme İşlemleri - DBS Fatura Tahsilatı - OTOMATİK. Bayi Referans: BAYİ 3CR 34AN23 Fatura No: 20250090113430.;-11910,43
Banka Hesabı;QNB - DBS;05-06-25;Ödeme İşlemleri - DBS Fatura Tahsilatı - OTOMATİK. Bayi Referans: BAYİ 3CR 34AN23 Fatura No: 20250090114255.;-5918,1
Banka Hesabı;QNB - DBS;05-06-25;Mevduat İşlemleri - FS995 NOLU ATM DEN VADESIZ HESABA  PARA YATIRMA, 493645;5900
Banka Hesabı;QNB - DBS;06-06-25;Transfer İşlemleri - Gönderen:Gümüşbulut Danışmanlık Turizm Gıda Sanay-Hesaptan hesaba havale;51950
Banka Hesabı;QNB - DBS;06-06-25;Mevduat İşlemleri - FS995 NOLU ATM DEN VADESIZ HESABA  PARA YATIRMA, 318079;7800
Banka Hesabı;QNB - DBS;09-06-25;Mevduat İşlemleri - FS995 NOLU ATM DEN VADESIZ HESABA  PARA YATIRMA, 767440;33900
Banka Hesabı;QNB - DBS;09-06-25;Mevduat İşlemleri - FS995 NOLU ATM DEN VADESIZ HESABA  PARA YATIRMA, 771218;400
Banka Hesabı;QNB - DBS;10-06-25;Transfer İşlemleri - Gönderen:Gümüşbulut Danışmanlık Turizm Gıda Sanay-Hesaptan hesaba havale;190846,59
Banka Hesabı;QNB - DBS;10-06-25;Kart İşlemleri -  CEP_ŞUBE  979203******3618 nolu kart ödemesi;-344613,89
Banka Hesabı;QNB - DBS;11-06-25;Mevduat İşlemleri - FS995 NOLU ATM DEN VADESIZ HESABA  PARA YATIRMA, 294245;12400
Banka Hesabı;QNB - DBS;11-06-25;Transfer İşlemleri - Gönderen:Gümüşbulut Danışmanlık Turizm Gıda Sanay-Hesaptan hesaba havale;31332,5
Banka Hesabı;QNB - DBS;12-06-25;Mevduat İşlemleri - FS995 NOLU ATM DEN VADESIZ HESABA  PARA YATIRMA, 478097;9600
Banka Hesabı;QNB - DBS;13-06-25;Transfer İşlemleri - Gönderen:Gümüşbulut Danışmanlık Turizm Gıda Sanay-Hesaptan hesaba havale;141632,18
Banka Hesabı;QNB - DBS;13-06-25;Ödeme İşlemleri - DBS Fatura Tahsilatı - OTOMATİK. Bayi Referans: BAYİ 3CR 34AN23 Fatura No: 20250090116596.;-60868,62
Banka Hesabı;QNB - DBS;13-06-25;Ödeme İşlemleri - DBS Fatura Tahsilatı - OTOMATİK. Bayi Referans: BAYİ 3CR 34AN23 Fatura No: 20250090117647.;-41981,46
Banka Hesabı;QNB - DBS;13-06-25;Ödeme İşlemleri - DBS Fatura Tahsilatı - OTOMATİK. Bayi Referans: BAYİ 3CR 34AN23 Fatura No: 20250090116598.;-31917,95
Banka Hesabı;QNB - DBS;13-06-25;Ödeme İşlemleri - DBS Fatura Tahsilatı - OTOMATİK. Bayi Referans: BAYİ 3CR 34AN23 Fatura No: 20250090117648.;-13739,07
Banka Hesabı;QNB - DBS;13-06-25;Ödeme İşlemleri - DBS Fatura Tahsilatı - OTOMATİK. Bayi Referans: BAYİ 3CR 34AN23 Fatura No: 20250090117649.;-16550,78
Banka Hesabı;QNB - DBS;13-06-25;Ödeme İşlemleri - DBS Fatura Tahsilatı - OTOMATİK. Bayi Referans: BAYİ 3CR 34AN23 Fatura No: 20250090116597.;-10664,59
Banka Hesabı;QNB - DBS;13-06-25;Mevduat İşlemleri - FS995 NOLU ATM DEN VADESIZ HESABA  PARA YATIRMA, 413740;4500
Banka Hesabı;QNB - DBS;15-06-25;Mevduat İşlemleri - FS995 NOLU ATM DEN VADESIZ HESABA  PARA YATIRMA, 382397;14800
Banka Hesabı;QNB - DBS;16-06-25;Ödeme İşlemleri - 7021348199 - Türk Telekom (İnternet) TAHSİLATI OTOMATIK ;-509
Banka Hesabı;QNB - DBS;16-06-25;Ödeme İşlemleri - DBS Fatura Tahsilatı - OTOMATİK. Bayi Referans: BAYİ 3CR 34AN23 Fatura No: 20250090118540.;-9751,05
Banka Hesabı;QNB - DBS;16-06-25;Ödeme İşlemleri - DBS Fatura Tahsilatı - OTOMATİK. Bayi Referans: BAYİ 3CR 34AN23 Fatura No: 20250090118539.;-8275,97
Banka Hesabı;QNB - DBS;16-06-25;Ödeme İşlemleri - DBS Fatura Tahsilatı - OTOMATİK. Bayi Referans: BAYİ 3CR 34AN23 Fatura No: 20250090118541.;-9801,04
Banka Hesabı;QNB - DBS;16-06-25;Transfer İşlemleri - Gönderen:Gümüşbulut Danışmanlık Turizm Gıda Sanay-Hesaptan hesaba havale;169612
Banka Hesabı;QNB - DBS;16-06-25;Mevduat İşlemleri - FS995 NOLU ATM DEN VADESIZ HESABA  PARA YATIRMA, 260753;3500
Banka Hesabı;QNB - DBS;17-06-25;Mevduat İşlemleri - FS995 NOLU ATM DEN VADESIZ HESABA  PARA YATIRMA, 947800;6800
Banka Hesabı;QNB - DBS;18-06-25;Mevduat İşlemleri - FS995 NOLU ATM DEN VADESIZ HESABA  PARA YATIRMA, 725035;7800
Banka Hesabı;QNB - DBS;19-06-25;Transfer İşlemleri - Gönderen:Gümüşbulut Danışmanlık Turizm Gıda Sanay-Hesaptan hesaba havale;160000
Banka Hesabı;QNB - DBS;19-06-25;Transfer İşlemleri - Alıcı:Tavuk Dünyası Gıda Sanayi Ve Ticaret Ano-Haziran kira ödemesi Al.Hs:84761917 Mobil Bankacılık-;-152000
Banka Hesabı;QNB - DBS;19-06-25;Transfer İşlemleri - Gönderen:Gümüşbulut Danışmanlık Turizm Gıda Sanay-Hesaptan hesaba havale;181064,81
Banka Hesabı;QNB - DBS;19-06-25;Ödeme İşlemleri - DBS Fatura Tahsilatı - OTOMATİK. Bayi Referans: BAYİ 3CR 34AN23 Fatura No: 20250090119402.;-63469,44
Banka Hesabı;QNB - DBS;19-06-25;Ödeme İşlemleri - DBS Fatura Tahsilatı - OTOMATİK. Bayi Referans: BAYİ 3CR 34AN23 Fatura No: 20250090120202.;-26078,27
Banka Hesabı;QNB - DBS;19-06-25;Ödeme İşlemleri - DBS Fatura Tahsilatı - OTOMATİK. Bayi Referans: BAYİ 3CR 34AN23 Fatura No: 20250090119404.;-14735,71
Banka Hesabı;QNB - DBS;19-06-25;Ödeme İşlemleri - DBS Fatura Tahsilatı - OTOMATİK. Bayi Referans: BAYİ 3CR 34AN23 Fatura No: 20250090119403.;-4260,69
Banka Hesabı;QNB - DBS;19-06-25;Ödeme İşlemleri - DBS Fatura Tahsilatı - OTOMATİK. Bayi Referans: BAYİ 3CR 34AN23 Fatura No: 20250090121075.;-20404,08
Banka Hesabı;QNB - DBS;19-06-25;Ödeme İşlemleri - DBS Fatura Tahsilatı - OTOMATİK. Bayi Referans: BAYİ 3CR 34AN23 Fatura No: 20250090121077.;-16575,11
Banka Hesabı;QNB - DBS;19-06-25;Ödeme İşlemleri - DBS Fatura Tahsilatı - OTOMATİK. Bayi Referans: BAYİ 3CR 34AN23 Fatura No: 20250090120204.;-8311,17
Banka Hesabı;QNB - DBS;19-06-25;Ödeme İşlemleri - DBS Fatura Tahsilatı - OTOMATİK. Bayi Referans: BAYİ 3CR 34AN23 Fatura No: 20250090120203.;-4373,3
Banka Hesabı;QNB - DBS;19-06-25;Ödeme İşlemleri - DBS Fatura Tahsilatı - OTOMATİK. Bayi Referans: BAYİ 3CR 34AN23 Fatura No: 20250090121076.;-5874,67
Banka Hesabı;QNB - DBS;19-06-25;Mevduat İşlemleri - FS995 NOLU ATM DEN VADESIZ HESABA  PARA YATIRMA, 694661;7600
Banka Hesabı;QNB - DBS;20-06-25;Transfer İşlemleri - Gönderen:Gümüşbulut Danışmanlık Turizm Gıda Sanay-Hesaptan hesaba havale;46255
Banka Hesabı;QNB - DBS;20-06-25;Mevduat İşlemleri - 2025-Haziran  Avans Ödemesi;-71000
Banka Hesabı;QNB - DBS;20-06-25;Mevduat İşlemleri - FS995 NOLU ATM DEN VADESIZ HESABA  PARA YATIRMA, 369381;6300
Banka Hesabı;QNB - DBS;21-06-25;Mevduat İşlemleri - FS995 NOLU ATM DEN VADESIZ HESABA  PARA YATIRMA, 385321;13950
Banka Hesabı;QNB - DBS;22-06-25;Transfer İşlemleri - Gönderen:Gümüşbulut Danışmanlık Turizm Gıda Sanay-Hesaptan hesaba havale;93778,74
Banka Hesabı;QNB - DBS;23-06-25;Transfer İşlemleri - Gönderen:Gümüşbulut Danışmanlık Turizm Gıda Sanay-Hesaptan hesaba havale;41428,62
Banka Hesabı;QNB - DBS;23-06-25;Ödeme İşlemleri - DBS Fatura Tahsilatı - OTOMATİK. Bayi Referans: BAYİ 3CR 34AN23 Fatura No: 20251600006086.;-171851,18
Banka Hesabı;QNB - DBS;23-06-25;Ödeme İşlemleri - DBS Fatura Tahsilatı - OTOMATİK. Bayi Referans: BAYİ 3CR 34AN23 Fatura No: 20250090121913.;-61714,22
Banka Hesabı;QNB - DBS;23-06-25;Ödeme İşlemleri - DBS Fatura Tahsilatı - OTOMATİK. Bayi Referans: BAYİ 3CR 34AN23 Fatura No: 20250090122723.;-26107,95
Banka Hesabı;QNB - DBS;23-06-25;Ödeme İşlemleri - DBS Fatura Tahsilatı - OTOMATİK. Bayi Referans: BAYİ 3CR 34AN23 Fatura No: 20250090122725.;-11424,04
Banka Hesabı;QNB - DBS;23-06-25;Ödeme İşlemleri - DBS Fatura Tahsilatı - OTOMATİK. Bayi Referans: BAYİ 3CR 34AN23 Fatura No: 20250090121915.;-13481,88
Banka Hesabı;QNB - DBS;23-06-25;Ödeme İşlemleri - DBS Fatura Tahsilatı - OTOMATİK. Bayi Referans: BAYİ 3CR 34AN23 Fatura No: 20250090121914.;-11676,11
Banka Hesabı;QNB - DBS;23-06-25;Ödeme İşlemleri - DBS Fatura Tahsilatı - OTOMATİK. Bayi Referans: BAYİ 3CR 34AN23 Fatura No: 20250090122724.;-1749,83
Banka Hesabı;QNB - DBS;23-06-25;Mevduat İşlemleri - FS995 NOLU ATM DEN VADESIZ HESABA  PARA YATIRMA, 259843;18250
Banka Hesabı;QNB - DBS;24-06-25;Ödeme İşlemleri - 2165740065 - Türk Telekom Ses/Data/ICT TAHSİLATI OTOMATIK ;-179
Banka Hesabı;QNB - DBS;24-06-25;Ödeme İşlemleri - 2165740064 - Türk Telekom Ses/Data/ICT TAHSİLATI OTOMATIK ;-179
Banka Hesabı;QNB - DBS;24-06-25;Mevduat İşlemleri - FS995 NOLU ATM DEN VADESIZ HESABA  PARA YATIRMA, 557510;4750
Banka Hesabı;QNB - DBS;25-06-25;Transfer İşlemleri - Gönderen:Gümüşbulut Danışmanlık Turizm Gıda Sanay-Hesaptan hesaba havale;84649,86
Banka Hesabı;QNB - DBS;25-06-25;Transfer İşlemleri - Alıcı : FASDAT GIDA DAĞITIM SAN TİC AŞ Türkiye Cumhuriyeti Ziraat Bankası A.Ş. Sorgu No: 860982541 M;-29893,53
Banka Hesabı;QNB - DBS;26-06-25;Mevduat İşlemleri - FS995 NOLU ATM DEN VADESIZ HESABA  PARA YATIRMA, 913435;14350
Banka Hesabı;QNB - Vadesiz Kobi Nakit;12-07-25;Kart İşlemleri - İşyeri:092800000013185 (Satış) N004 Yurt Dışı Kredi Kartı İşlemi;1.035,00
Banka Hesabı;QNB - Vadesiz Kobi Nakit;12-07-25;Kart İşlemleri - İşyeri:092800000013185 (Satış) N004 Yurt Dışı Kredi Kartı Üye İşyeri Ücreti - Peşin;-19,67
Banka Hesabı;QNB - Vadesiz Kobi Nakit;12-07-25;Kart İşlemleri - İşyeri:092800000013185 (Satış) N004 Yurt Dışı Kredi Kartı İşlemi BSMV;-0,98
Banka Hesabı;QNB - Vadesiz Kobi Nakit;12-07-25;Transfer İşlemleri - Alıcı:Gümüşbulut Danışmanlık Turizm Gıda Sanay-Hesaptan hesaba havale Al.Hs:91739448 Mobil Bankacılı;-60.359,35
Banka Hesabı;QNB - Vadesiz Kobi Nakit;13-07-25;Kart İşlemleri - İşyeri:092800000013185 (Satış) O033 QNB Kredi Kartı İşlemi;4.130,00
Banka Hesabı;QNB - Vadesiz Kobi Nakit;13-07-25;Kart İşlemleri - İşyeri:092800000013185 (Satış) N003 Yurt İçi Kredi Kartı İşlemi;17.470,00
Banka Hesabı;QNB - Vadesiz Kobi Nakit;13-07-25;Kart İşlemleri - İşyeri:092800000013185 (Satış) N001 Yurt İçi Banka Kartı İşlemi;14.405,00
Banka Hesabı;QNB - Vadesiz Kobi Nakit;13-07-25;Kart İşlemleri - İşyeri:092800000013185 (Satış) O138 QNB Banka Kartı İşlemi;2.835,00
Banka Hesabı;QNB - Vadesiz Kobi Nakit;13-07-25;Transfer İşlemleri - Alıcı:Gümüşbulut Danışmanlık Turizm Gıda Sanay-Hesaptan hesaba havale Al.Hs:91739448 Mobil Bankacılı;-38.840,00
Banka Hesabı;QNB - Vadesiz Kobi Nakit;14-07-25;Kart İşlemleri - İşyeri:092800000013185 (Satış) N222 FAST NOTONUS SATIŞ İşlemi;790
Banka Hesabı;QNB - Vadesiz Kobi Nakit;14-07-25;Kart İşlemleri - İşyeri:092800000013185 (Satış) O033 QNB Kredi Kartı İşlemi;4.030,00
Banka Hesabı;QNB - Vadesiz Kobi Nakit;14-07-25;Kart İşlemleri - İşyeri:092800000013185 (Satış) N003 Yurt İçi Kredi Kartı İşlemi;24.280,00
Banka Hesabı;QNB - Vadesiz Kobi Nakit;14-07-25;Kart İşlemleri - İşyeri:092800000013185 (Satış) N001 Yurt İçi Banka Kartı İşlemi;13.400,00
Banka Hesabı;QNB - Vadesiz Kobi Nakit;14-07-25;Transfer İşlemleri - Alıcı:Gümüşbulut Danışmanlık Turizm Gıda Sanay-Hesaptan hesaba havale Al.Hs:91739448 Mobil Bankacılı;-42.500,00
Banka Hesabı;QNB - Vadesiz Kobi Nakit;14-07-25;Transfer İşlemleri - Gönderen: SET KURUMSAL HİZMETLER TİC. ANONİM ŞTİ. Sorgu No: 2871883 - SETCARD_56495_GÜMÜSBULUT DAN.T;36.979,96
Banka Hesabı;QNB - Vadesiz Kobi Nakit;14-07-25;Transfer İşlemleri - Gönderen: METROPAL KURUMSAL HİZMETLER ANONİM ŞİRKETİ Sorgu No: 0053218 - GBD'2025000000092 NOLU FATU;54.469,98
Banka Hesabı;QNB - Vadesiz Kobi Nakit;14-07-25;Transfer İşlemleri - Alıcı:Gümüşbulut Danışmanlık Turizm Gıda Sanay-Hesaptan hesaba havale Al.Hs:91739448 Mobil Bankacılı;-91.449,94
Banka Hesabı;QNB - Vadesiz Kobi Nakit;15-07-25;Kart İşlemleri - İşyeri:092800000013185 (Satış) N004 Yurt Dışı Kredi Kartı İşlemi;750
Banka Hesabı;QNB - Vadesiz Kobi Nakit;15-07-25;Kart İşlemleri - İşyeri:092800000013185 (Satış) N004 Yurt Dışı Kredi Kartı Üye İşyeri Ücreti - Peşin;-14,25
Banka Hesabı;QNB - Vadesiz Kobi Nakit;15-07-25;Kart İşlemleri - İşyeri:092800000013185 (Satış) N004 Yurt Dışı Kredi Kartı İşlemi BSMV;-0,71
Banka Hesabı;QNB - Vadesiz Kobi Nakit;15-07-25;Kart İşlemleri - İşyeri:092800000013185 (Satış) O033 QNB Kredi Kartı İşlemi;1.888,50
Banka Hesabı;QNB - Vadesiz Kobi Nakit;15-07-25;Kart İşlemleri - İşyeri:092800000013185 (Satış) N003 Yurt İçi Kredi Kartı İşlemi;21.430,00
Banka Hesabı;QNB - Vadesiz Kobi Nakit;15-07-25;Kart İşlemleri - İşyeri:092800000013185 (Satış) N001 Yurt İçi Banka Kartı İşlemi;19.311,00
Banka Hesabı;QNB - Vadesiz Kobi Nakit;15-07-25;Kart İşlemleri - İşyeri:092800000013185 (Satış) O138 QNB Banka Kartı İşlemi;740
Banka Hesabı;QNB - Vadesiz Kobi Nakit;16-07-25;Kart İşlemleri - İşyeri:092800000013185 (Satış) N222 FAST NOTONUS SATIŞ İşlemi;1.565,00
Banka Hesabı;QNB - Vadesiz Kobi Nakit;16-07-25;Kart İşlemleri - İşyeri:092800000013185 (Satış) O033 QNB Kredi Kartı İşlemi;2.455,00
Banka Hesabı;QNB - Vadesiz Kobi Nakit;16-07-25;Kart İşlemleri - İşyeri:092800000013185 (Satış) N003 Yurt İçi Kredi Kartı İşlemi;24.810,00
Banka Hesabı;QNB - Vadesiz Kobi Nakit;16-07-25;Kart İşlemleri - İşyeri:092800000013185 (Satış) N001 Yurt İçi Banka Kartı İşlemi;8.990,00
Banka Hesabı;QNB - Vadesiz Kobi Nakit;16-07-25;Kart İşlemleri - İşyeri:092800000013185 (Satış) O138 QNB Banka Kartı İşlemi;1.850,00
Banka Hesabı;QNB - Vadesiz Kobi Nakit;16-07-25;Transfer İşlemleri - Alıcı:Gümüşbulut Danışmanlık Turizm Gıda Sanay-Hesaptan hesaba havale Al.Hs:91739448 Mobil Bankacılı;-83.774,54
Banka Hesabı;QNB - Vadesiz Kobi Nakit;16-07-25;Transfer İşlemleri - Gönderen: EDENRED KURUMSAL ÇÖZÜMLER A.Ş. Sorgu No: 6758020 - 30762145TICKET RESTAURANT ÖDEM AKBANK T;81.271,81
Banka Hesabı;QNB - Vadesiz Kobi Nakit;16-07-25;Transfer İşlemleri - Gönderen: PLUXEE ÇALIŞAN DENEYİMİ DANIŞMANLIK VE P Sorgu No: 7049381 - Pluxee EFT -449574 AKBANK T.A;76.409,37
Banka Hesabı;QNB - Vadesiz Kobi Nakit;17-07-25;Kart İşlemleri - İşyeri:092800000013185 (Satış) N222 FAST NOTONUS SATIŞ İşlemi;1.175,00
Banka Hesabı;QNB - Vadesiz Kobi Nakit;17-07-25;Kart İşlemleri - İşyeri:092800000013185 (Satış) O033 QNB Kredi Kartı İşlemi;2.176,00
Banka Hesabı;QNB - Vadesiz Kobi Nakit;17-07-25;Kart İşlemleri - İşyeri:092800000013185 (Satış) N003 Yurt İçi Kredi Kartı İşlemi;34.555,00
Banka Hesabı;QNB - Vadesiz Kobi Nakit;17-07-25;Kart İşlemleri - İşyeri:092800000013185 (Satış) O138 QNB Banka Kartı İşlemi;2.580,00
Banka Hesabı;QNB - Vadesiz Kobi Nakit;17-07-25;Kart İşlemleri - İşyeri:092800000013185 (Satış) N001 Yurt İçi Banka Kartı İşlemi;25.330,00
Banka Hesabı;QNB - Vadesiz Kobi Nakit;18-07-25;Kart İşlemleri - İşyeri:092800000013185 (Satış) N002 Yurt Dışı Banka Kartı İşlemi;1.725,00
Banka Hesabı;QNB - Vadesiz Kobi Nakit;18-07-25;Kart İşlemleri - İşyeri:092800000013185 (Satış) N002 Yurt Dışı Banka Kartı Üye İşyeri Ücreti - Peşin;-32,78
Banka Hesabı;QNB - Vadesiz Kobi Nakit;18-07-25;Kart İşlemleri - İşyeri:092800000013185 (Satış) N002 Yurt Dışı Banka Kartı İşlemi BSMV;-1,64
Banka Hesabı;QNB - Vadesiz Kobi Nakit;18-07-25;Kart İşlemleri - İşyeri:092800000013185 (Satış) N222 FAST NOTONUS SATIŞ İşlemi;690
Banka Hesabı;QNB - Vadesiz Kobi Nakit;18-07-25;Kart İşlemleri - İşyeri:092800000013185 (Satış) O033 QNB Kredi Kartı İşlemi;2.650,00
Banka Hesabı;QNB - Vadesiz Kobi Nakit;18-07-25;Kart İşlemleri - İşyeri:092800000013185 (Satış) N003 Yurt İçi Kredi Kartı İşlemi;38.938,00
Banka Hesabı;QNB - Vadesiz Kobi Nakit;18-07-25;Kart İşlemleri - İşyeri:092800000013185 (Satış) N001 Yurt İçi Banka Kartı İşlemi;13.972,00
Banka Hesabı;QNB - Vadesiz Kobi Nakit;18-07-25;Kart İşlemleri - İşyeri:092800000013185 (Satış) O138 QNB Banka Kartı İşlemi;3.450,00
Banka Hesabı;QNB - Vadesiz Kobi Nakit;19-07-25;Kart İşlemleri - İşyeri:092800000013185 (Satış) O033 QNB Kredi Kartı İşlemi;3.070,00
Banka Hesabı;QNB - Vadesiz Kobi Nakit;19-07-25;Kart İşlemleri - İşyeri:092800000013185 (Satış) N003 Yurt İçi Kredi Kartı İşlemi;28.615,00
Banka Hesabı;QNB - Vadesiz Kobi Nakit;19-07-25;Kart İşlemleri - İşyeri:092800000013185 (Satış) N001 Yurt İçi Banka Kartı İşlemi;20.055,00
Banka Hesabı;QNB - Vadesiz Kobi Nakit;19-07-25;Kart İşlemleri - İşyeri:092800000013185 (Satış) O138 QNB Banka Kartı İşlemi;4.485,00
Banka Hesabı;QNB - Vadesiz Kobi Nakit;19-07-25;Kart İşlemleri - İşyeri:092800000013185 (Satış) N004 Yurt Dışı Kredi Kartı İşlemi;640
Banka Hesabı;QNB - Vadesiz Kobi Nakit;19-07-25;Kart İşlemleri - İşyeri:092800000013185 (Satış) N004 Yurt Dışı Kredi Kartı Üye İşyeri Ücreti - Peşin;-12,16
Banka Hesabı;QNB - Vadesiz Kobi Nakit;19-07-25;Kart İşlemleri - İşyeri:092800000013185 (Satış) N004 Yurt Dışı Kredi Kartı İşlemi BSMV;-0,61
Banka Hesabı;QNB - Vadesiz Kobi Nakit;19-07-25;Kart İşlemleri - İşyeri:092800000013185 (Satış) N002 Yurt Dışı Banka Kartı İşlemi;1.300,00
Banka Hesabı;QNB - Vadesiz Kobi Nakit;19-07-25;Kart İşlemleri - İşyeri:092800000013185 (Satış) N002 Yurt Dışı Banka Kartı Üye İşyeri Ücreti - Peşin;-24,7
Banka Hesabı;QNB - Vadesiz Kobi Nakit;19-07-25;Kart İşlemleri - İşyeri:092800000013185 (Satış) N002 Yurt Dışı Banka Kartı İşlemi BSMV;-1,24
Banka Hesabı;QNB - Vadesiz Kobi Nakit;19-07-25;Transfer İşlemleri - Alıcı:Gümüşbulut Danışmanlık Turizm Gıda Sanay-Hesaptan hesaba havale Al.Hs:91739448 Mobil Bankacılı;-120.000,00
Banka Hesabı;QNB - Vadesiz Kobi Nakit;20-07-25;Kart İşlemleri - İşyeri:092800000013185 (Satış) N222 FAST NOTONUS SATIŞ İşlemi;370
Banka Hesabı;QNB - Vadesiz Kobi Nakit;20-07-25;Kart İşlemleri - İşyeri:092800000013185 (Satış) O033 QNB Kredi Kartı İşlemi;1.215,00
Banka Hesabı;QNB - Vadesiz Kobi Nakit;20-07-25;Kart İşlemleri - İşyeri:092800000013185 (Satış) N003 Yurt İçi Kredi Kartı İşlemi;15.590,00
Banka Hesabı;QNB - Vadesiz Kobi Nakit;20-07-25;Kart İşlemleri - İşyeri:092800000013185 (Satış) N001 Yurt İçi Banka Kartı İşlemi;10.070,00
Banka Hesabı;QNB - Vadesiz Kobi Nakit;20-07-25;Kart İşlemleri - İşyeri:092800000013185 (Satış) O138 QNB Banka Kartı İşlemi;290
Banka Hesabı;QNB - Vadesiz Kobi Nakit;21-07-25;Kart İşlemleri - İşyeri:092800000013185 (Satış) O033 QNB Kredi Kartı İşlemi;2.480,00
Banka Hesabı;QNB - Vadesiz Kobi Nakit;21-07-25;Kart İşlemleri - İşyeri:092800000013185 (Satış) N003 Yurt İçi Kredi Kartı İşlemi;23.380,00
Banka Hesabı;QNB - Vadesiz Kobi Nakit;21-07-25;Kart İşlemleri - İşyeri:092800000013185 (Satış) N001 Yurt İçi Banka Kartı İşlemi;20.235,00
Banka Hesabı;QNB - Vadesiz Kobi Nakit;21-07-25;Kart İşlemleri - İşyeri:092800000013185 (Satış) O138 QNB Banka Kartı İşlemi;2.790,00
Banka Hesabı;QNB - Vadesiz Kobi Nakit;21-07-25;Transfer İşlemleri - Alıcı:Gümüşbulut Danışmanlık Turizm Gıda Sanay-Hesaptan hesaba havale Al.Hs:91739448 Mobil Bankacılı;-299.434,05
Banka Hesabı;QNB - Vadesiz Kobi Nakit;22-07-25;Kart İşlemleri - İşyeri:092800000013185 (Satış) O033 QNB Kredi Kartı İşlemi;2.585,00
Banka Hesabı;QNB - Vadesiz Kobi Nakit;22-07-25;Kart İşlemleri - İşyeri:092800000013185 (Satış) N003 Yurt İçi Kredi Kartı İşlemi;28.485,00
Banka Hesabı;QNB - Vadesiz Kobi Nakit;22-07-25;Kart İşlemleri - İşyeri:092800000013185 (Satış) N001 Yurt İçi Banka Kartı İşlemi;15.015,00
Banka Hesabı;QNB - Vadesiz Kobi Nakit;22-07-25;Kart İşlemleri - İşyeri:092800000013185 (Satış) O138 QNB Banka Kartı İşlemi;1.450,00
Banka Hesabı;QNB - Vadesiz Kobi Nakit;22-07-25;Transfer İşlemleri - Alıcı:Gümüşbulut Danışmanlık Turizm Gıda Sanay-Hesaptan hesaba havale Al.Hs:91739448 Mobil Bankacılı;-47.535,00
Banka Hesabı;QNB - Vadesiz Kobi Nakit;23-07-25;Kart İşlemleri - İşyeri:092800000013185 (Satış) O033 QNB Kredi Kartı İşlemi;4.675,00
Banka Hesabı;QNB - Vadesiz Kobi Nakit;23-07-25;Kart İşlemleri - İşyeri:092800000013185 (Satış) N003 Yurt İçi Kredi Kartı İşlemi;26.025,00
Banka Hesabı;QNB - Vadesiz Kobi Nakit;23-07-25;Kart İşlemleri - İşyeri:092800000013185 (Satış) N001 Yurt İçi Banka Kartı İşlemi;16.850,00
Banka Hesabı;QNB - Vadesiz Kobi Nakit;24-07-25;Kart İşlemleri - İşyeri:092800000013185 (Satış) O033 QNB Kredi Kartı İşlemi;3.275,00
Banka Hesabı;QNB - Vadesiz Kobi Nakit;24-07-25;Kart İşlemleri - İşyeri:092800000013185 (Satış) N003 Yurt İçi Kredi Kartı İşlemi;21.480,00
Banka Hesabı;QNB - Vadesiz Kobi Nakit;24-07-25;Kart İşlemleri - İşyeri:092800000013185 (Satış) H033 HSBC Kredi Kartı İşlemi;710
Banka Hesabı;QNB - Vadesiz Kobi Nakit;24-07-25;Kart İşlemleri - İşyeri:092800000013185 (Satış) N001 Yurt İçi Banka Kartı İşlemi;12.985,00
Banka Hesabı;QNB - Vadesiz Kobi Nakit;24-07-25;Kart İşlemleri - İşyeri:092800000013185 (Satış) O138 QNB Banka Kartı İşlemi;1.305,00
Banka Hesabı;QNB - Vadesiz Kobi Nakit;25-07-25;Kart İşlemleri - İşyeri:092800000013185 (Satış) N002 Yurt Dışı Banka Kartı İşlemi;360
Banka Hesabı;QNB - Vadesiz Kobi Nakit;25-07-25;Kart İşlemleri - İşyeri:092800000013185 (Satış) N002 Yurt Dışı Banka Kartı Üye İşyeri Ücreti - Peşin;-6,84
Banka Hesabı;QNB - Vadesiz Kobi Nakit;25-07-25;Kart İşlemleri - İşyeri:092800000013185 (Satış) N002 Yurt Dışı Banka Kartı İşlemi BSMV;-0,34
Banka Hesabı;QNB - Vadesiz Kobi Nakit;25-07-25;Kart İşlemleri - İşyeri:092800000013185 (Satış) N222 FAST NOTONUS SATIŞ İşlemi;290
Banka Hesabı;QNB - Vadesiz Kobi Nakit;25-07-25;Kart İşlemleri - İşyeri:092800000013185 (Satış) O033 QNB Kredi Kartı İşlemi;8.740,00
Banka Hesabı;QNB - Vadesiz Kobi Nakit;25-07-25;Kart İşlemleri - İşyeri:092800000013185 (Satış) N003 Yurt İçi Kredi Kartı İşlemi;18.605,00
Banka Hesabı;QNB - Vadesiz Kobi Nakit;25-07-25;Kart İşlemleri - İşyeri:092800000013185 (Satış) N001 Yurt İçi Banka Kartı İşlemi;7.510,00
Banka Hesabı;QNB - Vadesiz Kobi Nakit;25-07-25;Kart İşlemleri - İşyeri:092800000013185 (Satış) O138 QNB Banka Kartı İşlemi;1.440,00
Banka Hesabı;QNB - Vadesiz Kobi Nakit;25-07-25;Transfer İşlemleri - Gönderen: MULTINET KURUMSAL HİZMETLER A.Ş. Sorgu No: 3134613 - MULTINET  0000014225 Gümüşbulu AKBANK;30.583,00
Banka Hesabı;QNB - Vadesiz Kobi Nakit;25-07-25;Transfer İşlemleri - Alıcı:Gümüşbulut Danışmanlık Turizm Gıda Sanay-Hesaptan hesaba havale Al.Hs:91739448 Mobil Bankacılı;-154.825,82
Banka Hesabı;QNB - Vadesiz Kobi Nakit;26-07-25;Kart İşlemleri - İşyeri:092800000013185 (Satış) N222 FAST NOTONUS SATIŞ İşlemi;1.260,00
Banka Hesabı;QNB - Vadesiz Kobi Nakit;26-07-25;Kart İşlemleri - İşyeri:092800000013185 (Satış) O033 QNB Kredi Kartı İşlemi;2.850,00
Banka Hesabı;QNB - Vadesiz Kobi Nakit;26-07-25;Kart İşlemleri - İşyeri:092800000013185 (Satış) N003 Yurt İçi Kredi Kartı İşlemi;23.395,00
Banka Hesabı;QNB - Vadesiz Kobi Nakit;26-07-25;Kart İşlemleri - İşyeri:092800000013185 (Satış) N001 Yurt İçi Banka Kartı İşlemi;16.256,00
Banka Hesabı;QNB - Vadesiz Kobi Nakit;26-07-25;Kart İşlemleri - İşyeri:092800000013185 (Satış) O138 QNB Banka Kartı İşlemi;2.355,00
Banka Hesabı;QNB - Vadesiz Kobi Nakit;26-07-25;Kart İşlemleri - İşyeri:092800000013185 (Satış) N002 Yurt Dışı Banka Kartı İşlemi;410
Banka Hesabı;QNB - Vadesiz Kobi Nakit;26-07-25;Kart İşlemleri - İşyeri:092800000013185 (Satış) N002 Yurt Dışı Banka Kartı Üye İşyeri Ücreti - Peşin;-7,79
Banka Hesabı;QNB - Vadesiz Kobi Nakit;26-07-25;Kart İşlemleri - İşyeri:092800000013185 (Satış) N002 Yurt Dışı Banka Kartı İşlemi BSMV;-0,39
Banka Hesabı;QNB - Vadesiz Kobi Nakit;27-07-25;Kart İşlemleri - İşyeri:092800000013185 (Satış) N222 FAST NOTONUS SATIŞ İşlemi;655
Banka Hesabı;QNB - Vadesiz Kobi Nakit;27-07-25;Kart İşlemleri - İşyeri:092800000013185 (Satış) O033 QNB Kredi Kartı İşlemi;3.690,00
Banka Hesabı;QNB - Vadesiz Kobi Nakit;27-07-25;Kart İşlemleri - İşyeri:092800000013185 (Satış) N003 Yurt İçi Kredi Kartı İşlemi;18.970,00
Banka Hesabı;QNB - Vadesiz Kobi Nakit;27-07-25;Kart İşlemleri - İşyeri:092800000013185 (Satış) N001 Yurt İçi Banka Kartı İşlemi;12.155,00
Banka Hesabı;QNB - Vadesiz Kobi Nakit;27-07-25;Transfer İşlemleri - Alıcı:Gümüşbulut Danışmanlık Turizm Gıda Sanay-Hesaptan hesaba havale Al.Hs:91739448 Mobil Bankacılı;-81.987,82
Banka Hesabı;QNB - Vadesiz Kobi Nakit;28-07-25;Kart İşlemleri - İşyeri:092800000013185 (Satış) N004 Yurt Dışı Kredi Kartı İşlemi;1.395,00
Banka Hesabı;QNB - Vadesiz Kobi Nakit;28-07-25;Kart İşlemleri - İşyeri:092800000013185 (Satış) N004 Yurt Dışı Kredi Kartı Üye İşyeri Ücreti - Peşin;-26,51
Banka Hesabı;QNB - Vadesiz Kobi Nakit;28-07-25;Kart İşlemleri - İşyeri:092800000013185 (Satış) N004 Yurt Dışı Kredi Kartı İşlemi BSMV;-1,32
Banka Hesabı;QNB - Vadesiz Kobi Nakit;28-07-25;Kart İşlemleri - İşyeri:092800000013185 (Satış) N002 Yurt Dışı Banka Kartı İşlemi;945
Banka Hesabı;QNB - Vadesiz Kobi Nakit;28-07-25;Kart İşlemleri - İşyeri:092800000013185 (Satış) N002 Yurt Dışı Banka Kartı Üye İşyeri Ücreti - Peşin;-17,96
Banka Hesabı;QNB - Vadesiz Kobi Nakit;28-07-25;Kart İşlemleri - İşyeri:092800000013185 (Satış) N002 Yurt Dışı Banka Kartı İşlemi BSMV;-0,9
Banka Hesabı;QNB - Vadesiz Kobi Nakit;28-07-25;Kart İşlemleri - İşyeri:092800000013185 (Satış) N222 FAST NOTONUS SATIŞ İşlemi;840
Banka Hesabı;QNB - Vadesiz Kobi Nakit;28-07-25;Kart İşlemleri - İşyeri:092800000013185 (Satış) O033 QNB Kredi Kartı İşlemi;2.130,00
Banka Hesabı;QNB - Vadesiz Kobi Nakit;28-07-25;Kart İşlemleri - İşyeri:092800000013185 (Satış) N003 Yurt İçi Kredi Kartı İşlemi;19.280,00
Banka Hesabı;QNB - Vadesiz Kobi Nakit;28-07-25;Kart İşlemleri - İşyeri:092800000013185 (Satış) N001 Yurt İçi Banka Kartı İşlemi;15.405,00
Banka Hesabı;QNB - Vadesiz Kobi Nakit;28-07-25;Kart İşlemleri - İşyeri:092800000013185 (Satış) O138 QNB Banka Kartı İşlemi;710
Banka Hesabı;QNB - Vadesiz Kobi Nakit;29-07-25;Kart İşlemleri - İşyeri:092800000013185 (Satış) N004 Yurt Dışı Kredi Kartı İşlemi;360
Banka Hesabı;QNB - Vadesiz Kobi Nakit;29-07-25;Kart İşlemleri - İşyeri:092800000013185 (Satış) N004 Yurt Dışı Kredi Kartı Üye İşyeri Ücreti - Peşin;-6,84
Banka Hesabı;QNB - Vadesiz Kobi Nakit;29-07-25;Kart İşlemleri - İşyeri:092800000013185 (Satış) N004 Yurt Dışı Kredi Kartı İşlemi BSMV;-0,34
Banka Hesabı;QNB - Vadesiz Kobi Nakit;29-07-25;Kart İşlemleri - İşyeri:092800000013185 (Satış) O033 QNB Kredi Kartı İşlemi;5.285,00
Banka Hesabı;QNB - Vadesiz Kobi Nakit;29-07-25;Kart İşlemleri - İşyeri:092800000013185 (Satış) N003 Yurt İçi Kredi Kartı İşlemi;26.725,00
Banka Hesabı;QNB - Vadesiz Kobi Nakit;29-07-25;Kart İşlemleri - İşyeri:092800000013185 (Satış) N001 Yurt İçi Banka Kartı İşlemi;9.815,00
Banka Hesabı;QNB - Vadesiz Kobi Nakit;29-07-25;Kart İşlemleri - İşyeri:092800000013185 (Satış) O138 QNB Banka Kartı İşlemi;5.305,00
Banka Hesabı;QNB - Vadesiz Kobi Nakit;30-07-25;Kart İşlemleri - İşyeri:092800000013185 (Satış) N222 FAST NOTONUS SATIŞ İşlemi;290
Banka Hesabı;QNB - Vadesiz Kobi Nakit;30-07-25;Kart İşlemleri - İşyeri:092800000013185 (Satış) O033 QNB Kredi Kartı İşlemi;1.165,00
Banka Hesabı;QNB - Vadesiz Kobi Nakit;30-07-25;Kart İşlemleri - İşyeri:092800000013185 (Satış) N003 Yurt İçi Kredi Kartı İşlemi;18.690,00
Banka Hesabı;QNB - Vadesiz Kobi Nakit;30-07-25;Kart İşlemleri - İşyeri:092800000013185 (Satış) N001 Yurt İçi Banka Kartı İşlemi;19.993,00
Banka Hesabı;QNB - Vadesiz Kobi Nakit;30-07-25;Kart İşlemleri - İşyeri:092800000013185 (Satış) O138 QNB Banka Kartı İşlemi;2.410,00
Banka Hesabı;QNB - Vadesiz Kobi Nakit;30-07-25;Transfer İşlemleri - Gönderen: SET KURUMSAL HİZMETLER TİC. ANONİM ŞTİ. Sorgu No: 0918595 - SETCARD_56495_GÜMÜSBULUT DAN.T;34.306,60
Banka Hesabı;QNB - Vadesiz Kobi Nakit;30-07-25;Transfer İşlemleri - Gönderen: EDENRED KURUMSAL ÇÖZÜMLER A.Ş. Sorgu No: 0924447 - 30762145TICKET RESTAURANT ÖDEM AKBANK T;61.355,01
Banka Hesabı;QNB - Vadesiz Kobi Nakit;30-07-25;Transfer İşlemleri - Gönderen: PLUXEE ÇALIŞAN DENEYİMİ DANIŞMANLIK VE P Sorgu No: 1244916 - Pluxee EFT -449574 AKBANK T.A;64.852,78
Banka Hesabı;QNB - Vadesiz Kobi Nakit;31-07-25;Kart İşlemleri - İşyeri:092800000013185 (Satış) O033 QNB Kredi Kartı İşlemi;1.865,00
Banka Hesabı;QNB - Vadesiz Kobi Nakit;31-07-25;Kart İşlemleri - İşyeri:092800000013185 (Satış) N003 Yurt İçi Kredi Kartı İşlemi;25.090,00
Banka Hesabı;QNB - Vadesiz Kobi Nakit;31-07-25;Kart İşlemleri - İşyeri:092800000013185 (Satış) N001 Yurt İçi Banka Kartı İşlemi;10.635,00
Banka Hesabı;QNB - Vadesiz Kobi Nakit;31-07-25;Kart İşlemleri - İşyeri:092800000013185 (Satış) O138 QNB Banka Kartı İşlemi;1.345,00
Banka Hesabı;QNB - Vadesiz Kobi Nakit;31-07-25;Kart İşlemleri - İşyeri:092800000013185 (Satış) N004 Yurt Dışı Kredi Kartı İşlemi;1.095,00
Banka Hesabı;QNB - Vadesiz Kobi Nakit;31-07-25;Kart İşlemleri - İşyeri:092800000013185 (Satış) N004 Yurt Dışı Kredi Kartı Üye İşyeri Ücreti - Peşin;-20,81
Banka Hesabı;QNB - Vadesiz Kobi Nakit;31-07-25;Kart İşlemleri - İşyeri:092800000013185 (Satış) N004 Yurt Dışı Kredi Kartı İşlemi BSMV;-1,04
Banka Hesabı;QNB - Vadesiz Kobi Nakit;31-07-25;Kart İşlemleri - İşyeri:092800000013185 (Satış) N002 Yurt Dışı Banka Kartı İşlemi;620
Banka Hesabı;QNB - Vadesiz Kobi Nakit;31-07-25;Kart İşlemleri - İşyeri:092800000013185 (Satış) N002 Yurt Dışı Banka Kartı Üye İşyeri Ücreti - Peşin;-11,78
Banka Hesabı;QNB - Vadesiz Kobi Nakit;31-07-25;Kart İşlemleri - İşyeri:092800000013185 (Satış) N002 Yurt Dışı Banka Kartı İşlemi BSMV;-0,59
Banka Hesabı;QNB - Vadesiz Kobi Nakit;31-07-25;Transfer İşlemleri - Gönderen: MULTINET KURUMSAL HİZMETLER A.Ş. Sorgu No: 2816692 - MULTINET  0000014225 Gümüşbulu AKBANK;25.966,35
Banka Hesabı;QNB - Vadesiz Kobi Nakit;31-07-25;Mevduat İşlemleri - Faiz Tahakkuku;-4
Banka Hesabı;QNB - Vadesiz Kobi Nakit;31-07-25;Mevduat İşlemleri - BSMV Kesintisi;-0,2
Banka Hesabı;QNB - Vadesiz Kobi Nakit;01-08-25;Diğer - 1.1.1 69041264 numaralı Hesap Nakdi Kredi kullandırımına ait Komisyon Ücreti;-0,02
Banka Hesabı;QNB - Vadesiz Kobi Nakit;01-08-25;Kart İşlemleri - İşyeri:092800000013185 (Satış) N222 FAST NOTONUS SATIŞ İşlemi;1.645,00
Banka Hesabı;QNB - Vadesiz Kobi Nakit;01-08-25;Kart İşlemleri - İşyeri:092800000013185 (Satış) O033 QNB Kredi Kartı İşlemi;1.735,00
Banka Hesabı;QNB - Vadesiz Kobi Nakit;01-08-25;Kart İşlemleri - İşyeri:092800000013185 (Satış) N003 Yurt İçi Kredi Kartı İşlemi;18.015,00
Banka Hesabı;QNB - Vadesiz Kobi Nakit;01-08-25;Kart İşlemleri - İşyeri:092800000013185 (Satış) N001 Yurt İçi Banka Kartı İşlemi;15.147,00
Banka Hesabı;QNB - Vadesiz Kobi Nakit;01-08-25;Transfer İşlemleri - Alıcı:Gümüşbulut Danışmanlık Turizm Gıda Sanay-Hesaptan hesaba havale Al.Hs:91739448 Mobil Bankacılı;-394.323,43
Banka Hesabı;QNB - Vadesiz Kobi Nakit;01-08-25;Transfer İşlemleri - Gönderen: METROPAL KURUMSAL HİZMETLER ANONİM ŞİRKETİ Sorgu No: 0030512 - GBD'2025000000098 NOLU FATU;48.442,17
Banka Hesabı;QNB - Vadesiz Kobi Nakit;02-08-25;Kart İşlemleri - İşyeri:092800000013185 (Satış) N222 FAST NOTONUS SATIŞ İşlemi;2.135,00
Banka Hesabı;QNB - Vadesiz Kobi Nakit;02-08-25;Kart İşlemleri - İşyeri:092800000013185 (Satış) O033 QNB Kredi Kartı İşlemi;2.255,00
Banka Hesabı;QNB - Vadesiz Kobi Nakit;02-08-25;Kart İşlemleri - İşyeri:092800000013185 (Satış) N003 Yurt İçi Kredi Kartı İşlemi;17.005,00
Banka Hesabı;QNB - Vadesiz Kobi Nakit;02-08-25;Kart İşlemleri - İşyeri:092800000013185 (Satış) N001 Yurt İçi Banka Kartı İşlemi;13.095,00
Banka Hesabı;QNB - Vadesiz Kobi Nakit;02-08-25;Kart İşlemleri - İşyeri:092800000013185 (Satış) O138 QNB Banka Kartı İşlemi;1.615,00
Banka Hesabı;QNB - Vadesiz Kobi Nakit;03-08-25;Kart İşlemleri - İşyeri:092800000013185 (Satış) N222 FAST NOTONUS SATIŞ İşlemi;290
Banka Hesabı;QNB - Vadesiz Kobi Nakit;03-08-25;Kart İşlemleri - İşyeri:092800000013185 (Satış) O033 QNB Kredi Kartı İşlemi;2.155,00
Banka Hesabı;QNB - Vadesiz Kobi Nakit;03-08-25;Kart İşlemleri - İşyeri:092800000013185 (Satış) N003 Yurt İçi Kredi Kartı İşlemi;23.600,00
Banka Hesabı;QNB - Vadesiz Kobi Nakit;03-08-25;Kart İşlemleri - İşyeri:092800000013185 (Satış) N001 Yurt İçi Banka Kartı İşlemi;13.410,00
Banka Hesabı;QNB - Vadesiz Kobi Nakit;03-08-25;Kart İşlemleri - İşyeri:092800000013185 (Satış) O138 QNB Banka Kartı İşlemi;395
Banka Hesabı;QNB - Vadesiz Kobi Nakit;04-08-25;Kart İşlemleri - İşyeri:092800000013185 (Satış) N222 FAST NOTONUS SATIŞ İşlemi;1.145,00
Banka Hesabı;QNB - Vadesiz Kobi Nakit;04-08-25;Kart İşlemleri - İşyeri:092800000013185 (Satış) O033 QNB Kredi Kartı İşlemi;2.345,00
Banka Hesabı;QNB - Vadesiz Kobi Nakit;04-08-25;Kart İşlemleri - İşyeri:092800000013185 (Satış) N003 Yurt İçi Kredi Kartı İşlemi;18.060,00
Banka Hesabı;QNB - Vadesiz Kobi Nakit;04-08-25;Kart İşlemleri - İşyeri:092800000013185 (Satış) N001 Yurt İçi Banka Kartı İşlemi;18.445,00
Banka Hesabı;QNB - Vadesiz Kobi Nakit;04-08-25;Kart İşlemleri - İşyeri:092800000013185 (Satış) O138 QNB Banka Kartı İşlemi;1.570,00
Banka Hesabı;QNB - Vadesiz Kobi Nakit;05-08-25;Kart İşlemleri - İşyeri:092800000013185 (Satış) O033 QNB Kredi Kartı İşlemi;1.215,00
Banka Hesabı;QNB - Vadesiz Kobi Nakit;05-08-25;Kart İşlemleri - İşyeri:092800000013185 (Satış) N003 Yurt İçi Kredi Kartı İşlemi;18.820,00
Banka Hesabı;QNB - Vadesiz Kobi Nakit;05-08-25;Kart İşlemleri - İşyeri:092800000013185 (Satış) N001 Yurt İçi Banka Kartı İşlemi;7.490,00
Banka Hesabı;QNB - Vadesiz Kobi Nakit;05-08-25;Kart İşlemleri - İşyeri:092800000013185 (Satış) O138 QNB Banka Kartı İşlemi;2.185,00
Banka Hesabı;QNB - Vadesiz Kobi Nakit;05-08-25;Transfer İşlemleri - Alıcı:Gümüşbulut Danışmanlık Turizm Gıda Sanay-Hesaptan hesaba havale Al.Hs:91739448 Mobil Bankacılı;-195.672,17
Banka Hesabı;QNB - Vadesiz Kobi Nakit;06-08-25;Kart İşlemleri - İşyeri:092800000013185 (Satış) N222 FAST NOTONUS SATIŞ İşlemi;800
Banka Hesabı;QNB - Vadesiz Kobi Nakit;06-08-25;Kart İşlemleri - İşyeri:092800000013185 (Satış) O033 QNB Kredi Kartı İşlemi;2.630,00
Banka Hesabı;QNB - Vadesiz Kobi Nakit;06-08-25;Kart İşlemleri - İşyeri:092800000013185 (Satış) N003 Yurt İçi Kredi Kartı İşlemi;23.900,00
Banka Hesabı;QNB - Vadesiz Kobi Nakit;06-08-25;Kart İşlemleri - İşyeri:092800000013185 (Satış) N001 Yurt İçi Banka Kartı İşlemi;9.180,00
Banka Hesabı;QNB - Vadesiz Kobi Nakit;06-08-25;Kart İşlemleri - İşyeri:092800000013185 (Satış) O138 QNB Banka Kartı İşlemi;1.525,00
Banka Hesabı;QNB - Vadesiz Kobi Nakit;07-08-25;Kart İşlemleri - İşyeri:092800000013185 (Satış) O033 QNB Kredi Kartı İşlemi;2.980,00
Banka Hesabı;QNB - Vadesiz Kobi Nakit;07-08-25;Kart İşlemleri - İşyeri:092800000013185 (Satış) N003 Yurt İçi Kredi Kartı İşlemi;15.140,00
Banka Hesabı;QNB - Vadesiz Kobi Nakit;07-08-25;Kart İşlemleri - İşyeri:092800000013185 (Satış) N001 Yurt İçi Banka Kartı İşlemi;14.450,00
Banka Hesabı;QNB - Vadesiz Kobi Nakit;07-08-25;Kart İşlemleri - İşyeri:092800000013185 (Satış) O138 QNB Banka Kartı İşlemi;720
Banka Hesabı;QNB - Vadesiz Kobi Nakit;07-08-25;Transfer İşlemleri - Alıcı:Gümüşbulut Danışmanlık Turizm Gıda Sanay-Hesaptan hesaba havale Al.Hs:91739448 Mobil Bankacılı;-71.325,00
Banka Hesabı;QNB - Vadesiz Kobi Nakit;08-08-25;Kart İşlemleri - İşyeri:092800000013185 (Satış) N222 FAST NOTONUS SATIŞ İşlemi;360
Banka Hesabı;QNB - Vadesiz Kobi Nakit;08-08-25;Kart İşlemleri - İşyeri:092800000013185 (Satış) O033 QNB Kredi Kartı İşlemi;2.260,00
Banka Hesabı;QNB - Vadesiz Kobi Nakit;08-08-25;Kart İşlemleri - İşyeri:092800000013185 (Satış) N003 Yurt İçi Kredi Kartı İşlemi;11.400,00
Banka Hesabı;QNB - Vadesiz Kobi Nakit;08-08-25;Kart İşlemleri - İşyeri:092800000013185 (Satış) N001 Yurt İçi Banka Kartı İşlemi;18.975,00
Banka Hesabı;QNB - Vadesiz Kobi Nakit;08-08-25;Kart İşlemleri - İşyeri:092800000013185 (Satış) O138 QNB Banka Kartı İşlemi;310
Banka Hesabı;QNB - Vadesiz Kobi Nakit;08-08-25;Kart İşlemleri - İşyeri:092800000013185 (Satış) N004 Yurt Dışı Kredi Kartı İşlemi;310
Banka Hesabı;QNB - Vadesiz Kobi Nakit;08-08-25;Kart İşlemleri - İşyeri:092800000013185 (Satış) N004 Yurt Dışı Kredi Kartı Üye İşyeri Ücreti - Peşin;-5,89
Banka Hesabı;QNB - Vadesiz Kobi Nakit;08-08-25;Kart İşlemleri - İşyeri:092800000013185 (Satış) N004 Yurt Dışı Kredi Kartı İşlemi BSMV;-0,29
Banka Hesabı;QNB - Vadesiz Kobi Nakit;08-08-25;Transfer İşlemleri - Alıcı:Gümüşbulut Danışmanlık Turizm Gıda Sanay-Hesaptan hesaba havale Al.Hs:91739448 Mobil Bankacılı;-33.608,82
Banka Hesabı;QNB - Vadesiz Kobi Nakit;08-08-25;Transfer İşlemleri - Gönderen: MULTINET KURUMSAL HİZMETLER A.Ş. Sorgu No: 8325707 - MULTINET  0000014225 Gümüşbulu AKBANK;39.523,42
Banka Hesabı;QNB - Vadesiz Kobi Nakit;09-08-25;Kart İşlemleri - İşyeri:092800000013185 (Satış) O033 QNB Kredi Kartı İşlemi;1.391,00
Banka Hesabı;QNB - Vadesiz Kobi Nakit;09-08-25;Kart İşlemleri - İşyeri:092800000013185 (Satış) N003 Yurt İçi Kredi Kartı İşlemi;18.614,50
Banka Hesabı;QNB - Vadesiz Kobi Nakit;09-08-25;Kart İşlemleri - İşyeri:092800000013185 (Satış) N001 Yurt İçi Banka Kartı İşlemi;15.160,00
Banka Hesabı;QNB - Vadesiz Kobi Nakit;09-08-25;Kart İşlemleri - İşyeri:092800000013185 (Satış) O138 QNB Banka Kartı İşlemi;1.125,00
Banka Hesabı;QNB - Vadesiz Kobi Nakit;09-08-25;Kart İşlemleri - İşyeri:092800000013185 (Satış) N004 Yurt Dışı Kredi Kartı İşlemi;1.800,00
Banka Hesabı;QNB - Vadesiz Kobi Nakit;09-08-25;Kart İşlemleri - İşyeri:092800000013185 (Satış) N004 Yurt Dışı Kredi Kartı Üye İşyeri Ücreti - Peşin;-34,2
Banka Hesabı;QNB - Vadesiz Kobi Nakit;09-08-25;Kart İşlemleri - İşyeri:092800000013185 (Satış) N004 Yurt Dışı Kredi Kartı İşlemi BSMV;-1,71
Banka Hesabı;QNB - Vadesiz Kobi Nakit;09-08-25;Kart İşlemleri - İşyeri:092800000013185 (Satış) N004 Yurt Dışı Kredi Kartı İşlemi;1.200,00
Banka Hesabı;QNB - Vadesiz Kobi Nakit;09-08-25;Kart İşlemleri - İşyeri:092800000013185 (Satış) N004 Yurt Dışı Kredi Kartı Üye İşyeri Ücreti - Peşin;-22,8
Banka Hesabı;QNB - Vadesiz Kobi Nakit;09-08-25;Kart İşlemleri - İşyeri:092800000013185 (Satış) N004 Yurt Dışı Kredi Kartı İşlemi BSMV;-1,14
Banka Hesabı;QNB - Vadesiz Kobi Nakit;09-08-25;Kart İşlemleri - İşyeri:092800000013185 (Satış) N002 Yurt Dışı Banka Kartı İşlemi;360
Banka Hesabı;QNB - Vadesiz Kobi Nakit;09-08-25;Kart İşlemleri - İşyeri:092800000013185 (Satış) N002 Yurt Dışı Banka Kartı Üye İşyeri Ücreti - Peşin;-6,84
Banka Hesabı;QNB - Vadesiz Kobi Nakit;09-08-25;Kart İşlemleri - İşyeri:092800000013185 (Satış) N002 Yurt Dışı Banka Kartı İşlemi BSMV;-0,34
Banka Hesabı;QNB - Vadesiz Kobi Nakit;10-08-25;Kart İşlemleri - İşyeri:092800000013185 (Satış) N222 FAST NOTONUS SATIŞ İşlemi;675
Banka Hesabı;QNB - Vadesiz Kobi Nakit;10-08-25;Kart İşlemleri - İşyeri:092800000013185 (Satış) O033 QNB Kredi Kartı İşlemi;1.150,00
Banka Hesabı;QNB - Vadesiz Kobi Nakit;10-08-25;Kart İşlemleri - İşyeri:092800000013185 (Satış) N003 Yurt İçi Kredi Kartı İşlemi;10.045,00
Banka Hesabı;QNB - Vadesiz Kobi Nakit;10-08-25;Kart İşlemleri - İşyeri:092800000013185 (Satış) N001 Yurt İçi Banka Kartı İşlemi;13.130,00
Banka Hesabı;QNB - Vadesiz Kobi Nakit;10-08-25;Kart İşlemleri - İşyeri:092800000013185 (Satış) O138 QNB Banka Kartı İşlemi;1.815,00
Banka Hesabı;QNB - Vadesiz Kobi Nakit;10-08-25;Kart İşlemleri - İşyeri:092800000013185 (Satış) N004 Yurt Dışı Kredi Kartı İşlemi;650
Banka Hesabı;QNB - Vadesiz Kobi Nakit;10-08-25;Kart İşlemleri - İşyeri:092800000013185 (Satış) N004 Yurt Dışı Kredi Kartı Üye İşyeri Ücreti - Peşin;-12,35
Banka Hesabı;QNB - Vadesiz Kobi Nakit;13-08-25;Kart İşlemleri - İşyeri:092800000013185 (Satış) N003 Yurt İçi Kredi Kartı İşlemi;19.004,00
Banka Hesabı;QNB - Vadesiz Kobi Nakit;13-08-25;Kart İşlemleri - İşyeri:092800000013185 (Satış) N001 Yurt İçi Banka Kartı İşlemi;16.638,00
Banka Hesabı;QNB - Vadesiz Kobi Nakit;13-08-25;Kart İşlemleri - İşyeri:092800000013185 (Satış) O138 QNB Banka Kartı İşlemi;1.080,00
Banka Hesabı;QNB - Vadesiz Kobi Nakit;13-08-25;Transfer İşlemleri - Alıcı:Gümüşbulut Danışmanlık Turizm Gıda Sanay-Hesaptan hesaba havale Al.Hs:91739448 Mobil Bankacılı;-42.170,00
